cov_method,tokenizer,model,remove_velocity,hard_quantization,pair,repeat,fmd,nfmd_trace
empirical,REMI,CLaMP-2,False,False,rock_vs_jazz,0,0.09032946501871875,0.10065891752246192
empirical,REMI,CLaMP-2,False,False,rock_vs_jazz,1,0.12243384650958578,0.14036269498809106
empirical,REMI,CLaMP-2,False,False,rock_vs_jazz,2,0.11902459879682792,0.13155503315877298
empirical,REMI,CLaMP-2,False,False,rock_vs_jazz,3,0.1050412842241264,0.12274110258507662
empirical,REMI,CLaMP-2,False,False,rock_vs_jazz,4,0.11173852686797536,0.12104817701292048
empirical,REMI,CLaMP-2,False,False,rock_vs_electronic,0,0.12084689135947957,0.1234686961854573
empirical,REMI,CLaMP-2,False,False,rock_vs_electronic,1,0.10834401756569179,0.11312492935905508
empirical,REMI,CLaMP-2,False,False,rock_vs_electronic,2,0.11952261257285457,0.12472420053506038
empirical,REMI,CLaMP-2,False,False,rock_vs_electronic,3,0.10380151486885358,0.11181942455454043
empirical,REMI,CLaMP-2,False,False,rock_vs_electronic,4,0.11010023286253567,0.11727884842548185
empirical,REMI,CLaMP-2,False,False,rock_vs_country,0,0.14548026391161817,0.1579241974293449
empirical,REMI,CLaMP-2,False,False,rock_vs_country,1,0.155380832441957,0.1628677930231363
empirical,REMI,CLaMP-2,False,False,rock_vs_country,2,0.14731929106451558,0.15731456774716987
empirical,REMI,CLaMP-2,False,False,rock_vs_country,3,0.14187770907295572,0.15174179398613988
empirical,REMI,CLaMP-2,False,False,rock_vs_country,4,0.12540942528404586,0.1334171919804892
empirical,REMI,CLaMP-2,False,False,jazz_vs_electronic,0,0.1064605406378305,0.11787969604398814
empirical,REMI,CLaMP-2,False,False,jazz_vs_electronic,1,0.10942481305938356,0.1209050996870039
empirical,REMI,CLaMP-2,False,False,jazz_vs_electronic,2,0.10730277375865849,0.11857753388009343
empirical,REMI,CLaMP-2,False,False,jazz_vs_electronic,3,0.11195879882912207,0.12332543074250142
empirical,REMI,CLaMP-2,False,False,jazz_vs_electronic,4,0.11513509362162488,0.1250182448381167
empirical,REMI,CLaMP-2,False,False,jazz_vs_country,0,0.1776697037751218,0.20796415920710662
empirical,REMI,CLaMP-2,False,False,jazz_vs_country,1,0.16830184492373101,0.18843470308084523
empirical,REMI,CLaMP-2,False,False,jazz_vs_country,2,0.14321103929062895,0.16354303950796192
empirical,REMI,CLaMP-2,False,False,jazz_vs_country,3,0.18226965207538415,0.20491674805933943
empirical,REMI,CLaMP-2,False,False,jazz_vs_country,4,0.1459869750369721,0.16392520557395898
empirical,REMI,CLaMP-2,False,False,electronic_vs_country,0,0.15903713885483017,0.16483970926032054
empirical,REMI,CLaMP-2,False,False,electronic_vs_country,1,0.176282626183063,0.18492156948599223
empirical,REMI,CLaMP-2,False,False,electronic_vs_country,2,0.15826500612684824,0.16826138852206296
empirical,REMI,CLaMP-2,False,False,electronic_vs_country,3,0.15755507527506074,0.1692989180682951
empirical,REMI,CLaMP-2,False,False,electronic_vs_country,4,0.16685849777043682,0.17556700012074983
empirical,REMI,CLaMP-2,True,True,rock_vs_jazz,0,0.16112583409629855,0.20724209063737506
empirical,REMI,CLaMP-2,True,True,rock_vs_jazz,1,0.1214554898194039,0.16061414918063677
empirical,REMI,CLaMP-2,True,True,rock_vs_jazz,2,0.16545866309685264,0.20665206023775698
empirical,REMI,CLaMP-2,True,True,rock_vs_jazz,3,0.14553328591822678,0.18365037998153874
empirical,REMI,CLaMP-2,True,True,rock_vs_jazz,4,0.145485672452065,0.1827975945339128
empirical,REMI,CLaMP-2,True,True,rock_vs_electronic,0,0.10589883598616678,0.1181059049124612
empirical,REMI,CLaMP-2,True,True,rock_vs_electronic,1,0.09814801367926229,0.1079707311605979
empirical,REMI,CLaMP-2,True,True,rock_vs_electronic,2,0.10114258479372962,0.11470152857630943
empirical,REMI,CLaMP-2,True,True,rock_vs_electronic,3,0.09458114407119811,0.10267278655470442
empirical,REMI,CLaMP-2,True,True,rock_vs_electronic,4,0.10507101386882045,0.11815632420198487
empirical,REMI,CLaMP-2,True,True,rock_vs_country,0,0.10415298041055066,0.12981079361036305
empirical,REMI,CLaMP-2,True,True,rock_vs_country,1,0.09625998325157326,0.12584938799661285
empirical,REMI,CLaMP-2,True,True,rock_vs_country,2,0.11530872873888987,0.1412292487637913
empirical,REMI,CLaMP-2,True,True,rock_vs_country,3,0.09340944114860417,0.11529191196135868
empirical,REMI,CLaMP-2,True,True,rock_vs_country,4,0.11697427642851665,0.1455656288329994
empirical,REMI,CLaMP-2,True,True,jazz_vs_electronic,0,0.15097001172096447,0.18544901749977705
empirical,REMI,CLaMP-2,True,True,jazz_vs_electronic,1,0.15084328632866095,0.19062999333797953
empirical,REMI,CLaMP-2,True,True,jazz_vs_electronic,2,0.15437715005231356,0.20024341912998736
empirical,REMI,CLaMP-2,True,True,jazz_vs_electronic,3,0.14936370712717773,0.18584945724002933
empirical,REMI,CLaMP-2,True,True,jazz_vs_electronic,4,0.15003987686913145,0.1866098035132312
empirical,REMI,CLaMP-2,True,True,jazz_vs_country,0,0.09461157937632692,0.14273121883880432
empirical,REMI,CLaMP-2,True,True,jazz_vs_country,1,0.10304634614564412,0.14723120698162678
empirical,REMI,CLaMP-2,True,True,jazz_vs_country,2,0.13483836602416432,0.19335617994723733
empirical,REMI,CLaMP-2,True,True,jazz_vs_country,3,0.11290918785125115,0.15698896854021493
empirical,REMI,CLaMP-2,True,True,jazz_vs_country,4,0.12269753188288057,0.17818440023302837
empirical,REMI,CLaMP-2,True,True,electronic_vs_country,0,0.14339911051477838,0.18350802499875707
empirical,REMI,CLaMP-2,True,True,electronic_vs_country,1,0.12954253083126444,0.16385347938277153
empirical,REMI,CLaMP-2,True,True,electronic_vs_country,2,0.14495904534813764,0.1825040610871304
empirical,REMI,CLaMP-2,True,True,electronic_vs_country,3,0.1501900324615134,0.1817339182721421
empirical,REMI,CLaMP-2,True,True,electronic_vs_country,4,0.1363852974702766,0.17127916876433644
empirical,REMI,MusicBERT,False,False,rock_vs_jazz,0,7.099202112482047,0.21091106222669553
empirical,REMI,MusicBERT,False,False,rock_vs_jazz,1,6.733977997193701,0.1940806101597634
empirical,REMI,MusicBERT,False,False,rock_vs_jazz,2,6.649382753140571,0.19318926080035298
empirical,REMI,MusicBERT,False,False,rock_vs_jazz,3,6.58186967509053,0.19154960152367248
empirical,REMI,MusicBERT,False,False,rock_vs_jazz,4,6.947190478724483,0.20190323207159933
empirical,REMI,MusicBERT,False,False,rock_vs_electronic,0,7.149497010538468,0.18812646861987495
empirical,REMI,MusicBERT,False,False,rock_vs_electronic,1,6.995756029232346,0.18471084666813525
empirical,REMI,MusicBERT,False,False,rock_vs_electronic,2,7.064571711730466,0.18417962515421632
empirical,REMI,MusicBERT,False,False,rock_vs_electronic,3,7.55459241745578,0.1970232764401826
empirical,REMI,MusicBERT,False,False,rock_vs_electronic,4,6.918860764062714,0.1845172532819284
empirical,REMI,MusicBERT,False,False,rock_vs_country,0,7.017864587853879,0.22328215957392136
empirical,REMI,MusicBERT,False,False,rock_vs_country,1,6.902463575188424,0.21691587630511058
empirical,REMI,MusicBERT,False,False,rock_vs_country,2,7.159473384653776,0.23092388626803972
empirical,REMI,MusicBERT,False,False,rock_vs_country,3,7.065986544526627,0.22739155958427126
empirical,REMI,MusicBERT,False,False,rock_vs_country,4,6.726939330750021,0.21992679566776882
empirical,REMI,MusicBERT,False,False,jazz_vs_electronic,0,7.183523465681954,0.20052929455493057
empirical,REMI,MusicBERT,False,False,jazz_vs_electronic,1,7.604783041574315,0.21050911590296764
empirical,REMI,MusicBERT,False,False,jazz_vs_electronic,2,7.100313591200319,0.19539058839178503
empirical,REMI,MusicBERT,False,False,jazz_vs_electronic,3,7.483817991397508,0.20951728760659225
empirical,REMI,MusicBERT,False,False,jazz_vs_electronic,4,8.094994747774663,0.23530195603669718
empirical,REMI,MusicBERT,False,False,jazz_vs_country,0,5.8759470571282435,0.20763858347360117
empirical,REMI,MusicBERT,False,False,jazz_vs_country,1,5.946486346044001,0.21296751751617382
empirical,REMI,MusicBERT,False,False,jazz_vs_country,2,6.296694771117508,0.22251231888968678
empirical,REMI,MusicBERT,False,False,jazz_vs_country,3,5.818935945955268,0.20207799042340915
empirical,REMI,MusicBERT,False,False,jazz_vs_country,4,6.0817878902672255,0.22286508431232757
empirical,REMI,MusicBERT,False,False,electronic_vs_country,0,8.619920027783355,0.2709827771694867
empirical,REMI,MusicBERT,False,False,electronic_vs_country,1,8.41992454806839,0.2657717174794163
empirical,REMI,MusicBERT,False,False,electronic_vs_country,2,9.064823185703151,0.279896914830726
empirical,REMI,MusicBERT,False,False,electronic_vs_country,3,8.420992192532669,0.2633915631697563
empirical,REMI,MusicBERT,False,False,electronic_vs_country,4,8.88126535161085,0.276040831823192
empirical,REMI,MusicBERT,True,True,rock_vs_jazz,0,5.460867936854072,0.17859626074825843
empirical,REMI,MusicBERT,True,True,rock_vs_jazz,1,5.6491384909894435,0.1805737051916726
empirical,REMI,MusicBERT,True,True,rock_vs_jazz,2,5.596773706597752,0.1767073393831635
empirical,REMI,MusicBERT,True,True,rock_vs_jazz,3,5.428186547535756,0.17631859351790954
empirical,REMI,MusicBERT,True,True,rock_vs_jazz,4,5.742953456487214,0.18245224740262214
empirical,REMI,MusicBERT,True,True,rock_vs_electronic,0,6.297715485922641,0.18118079818173585
empirical,REMI,MusicBERT,True,True,rock_vs_electronic,1,6.343129162505704,0.17754232801004008
empirical,REMI,MusicBERT,True,True,rock_vs_electronic,2,6.257410383024968,0.17908352377685358
empirical,REMI,MusicBERT,True,True,rock_vs_electronic,3,6.840689527474197,0.19184869135486254
empirical,REMI,MusicBERT,True,True,rock_vs_electronic,4,6.148983449424652,0.17649605444109714
empirical,REMI,MusicBERT,True,True,rock_vs_country,0,5.56599958182165,0.19690565053291842
empirical,REMI,MusicBERT,True,True,rock_vs_country,1,5.71567947381504,0.20246116249811205
empirical,REMI,MusicBERT,True,True,rock_vs_country,2,5.59570869766377,0.20320611558054794
empirical,REMI,MusicBERT,True,True,rock_vs_country,3,5.887800990723683,0.20739177826632127
empirical,REMI,MusicBERT,True,True,rock_vs_country,4,5.672156798374413,0.20391881316765798
empirical,REMI,MusicBERT,True,True,jazz_vs_electronic,0,5.959253175047618,0.18875862377537667
empirical,REMI,MusicBERT,True,True,jazz_vs_electronic,1,6.289117375700588,0.19166896607708409
empirical,REMI,MusicBERT,True,True,jazz_vs_electronic,2,6.097704742969444,0.1912179485874879
empirical,REMI,MusicBERT,True,True,jazz_vs_electronic,3,6.479935594530147,0.19674402570084143
empirical,REMI,MusicBERT,True,True,jazz_vs_electronic,4,6.64635676889052,0.19835597671571972
empirical,REMI,MusicBERT,True,True,jazz_vs_country,0,4.849875465297121,0.19491373557830985
empirical,REMI,MusicBERT,True,True,jazz_vs_country,1,5.094849380717417,0.20423469336728658
empirical,REMI,MusicBERT,True,True,jazz_vs_country,2,5.008520907598754,0.1903841723885744
empirical,REMI,MusicBERT,True,True,jazz_vs_country,3,4.786401619172256,0.18601425996245097
empirical,REMI,MusicBERT,True,True,jazz_vs_country,4,4.791920042589567,0.18993711857134585
empirical,REMI,MusicBERT,True,True,electronic_vs_country,0,7.680961371497329,0.2550809067471149
empirical,REMI,MusicBERT,True,True,electronic_vs_country,1,6.994200846096888,0.2357223435202973
empirical,REMI,MusicBERT,True,True,electronic_vs_country,2,7.086728526082126,0.24047479476701294
empirical,REMI,MusicBERT,True,True,electronic_vs_country,3,7.577015992319694,0.257955356769883
empirical,REMI,MusicBERT,True,True,electronic_vs_country,4,8.145483271656008,0.2642663835716382
empirical,Octuple,CLaMP-2,False,False,rock_vs_jazz,0,0.010557128182524356,0.09838920419374797
empirical,Octuple,CLaMP-2,False,False,rock_vs_jazz,1,0.011149918014685845,0.10639698395700475
empirical,Octuple,CLaMP-2,False,False,rock_vs_jazz,2,0.0113299232889979,0.11165029762480266
empirical,Octuple,CLaMP-2,False,False,rock_vs_jazz,3,0.011801015520716607,0.11071919091908052
empirical,Octuple,CLaMP-2,False,False,rock_vs_jazz,4,0.011732770269870907,0.12104047156389694
empirical,Octuple,CLaMP-2,False,False,rock_vs_electronic,0,0.011813431878095498,0.16237866668931916
empirical,Octuple,CLaMP-2,False,False,rock_vs_electronic,1,0.009639585920443311,0.12604517233698084
empirical,Octuple,CLaMP-2,False,False,rock_vs_electronic,2,0.008427100965748752,0.11323634629295377
empirical,Octuple,CLaMP-2,False,False,rock_vs_electronic,3,0.010387556387586677,0.13053363370499327
empirical,Octuple,CLaMP-2,False,False,rock_vs_electronic,4,0.011474014201386995,0.1577639896490435
empirical,Octuple,CLaMP-2,False,False,rock_vs_country,0,0.006780670853495541,0.09998828757810552
empirical,Octuple,CLaMP-2,False,False,rock_vs_country,1,0.009694702942427996,0.1383341970736056
empirical,Octuple,CLaMP-2,False,False,rock_vs_country,2,0.006670060885663021,0.09042852383781891
empirical,Octuple,CLaMP-2,False,False,rock_vs_country,3,0.008788985048142794,0.1228752253442786
empirical,Octuple,CLaMP-2,False,False,rock_vs_country,4,0.008575194418889515,0.12081838484558652
empirical,Octuple,CLaMP-2,False,False,jazz_vs_electronic,0,0.01767018268983611,0.18581339211051004
empirical,Octuple,CLaMP-2,False,False,jazz_vs_electronic,1,0.025025831229199463,0.22606111218141098
empirical,Octuple,CLaMP-2,False,False,jazz_vs_electronic,2,0.018286645246755995,0.1860765518197152
empirical,Octuple,CLaMP-2,False,False,jazz_vs_electronic,3,0.02538198754002363,0.23194028099519717
empirical,Octuple,CLaMP-2,False,False,jazz_vs_electronic,4,0.023258742637082386,0.2219149396077257
empirical,Octuple,CLaMP-2,False,False,jazz_vs_country,0,0.01996884163601681,0.19169288649172897
empirical,Octuple,CLaMP-2,False,False,jazz_vs_country,1,0.013394131582668806,0.144063374666673
empirical,Octuple,CLaMP-2,False,False,jazz_vs_country,2,0.013918352690733993,0.14495234709534047
empirical,Octuple,CLaMP-2,False,False,jazz_vs_country,3,0.0235244420934064,0.23396142488919222
empirical,Octuple,CLaMP-2,False,False,jazz_vs_country,4,0.01575826107746639,0.1664344044966235
empirical,Octuple,CLaMP-2,False,False,electronic_vs_country,0,0.0105471583268609,0.15882234506771475
empirical,Octuple,CLaMP-2,False,False,electronic_vs_country,1,0.010526819774481666,0.1485813208264834
empirical,Octuple,CLaMP-2,False,False,electronic_vs_country,2,0.009827439219488143,0.14587873194211232
empirical,Octuple,CLaMP-2,False,False,electronic_vs_country,3,0.009684004306561883,0.15212089007811622
empirical,Octuple,CLaMP-2,False,False,electronic_vs_country,4,0.010040099320629992,0.1495721721686068
empirical,Octuple,CLaMP-2,True,True,rock_vs_jazz,0,0.009195118603830266,0.0982586060007503
empirical,Octuple,CLaMP-2,True,True,rock_vs_jazz,1,0.008932246561425078,0.10893528120311916
empirical,Octuple,CLaMP-2,True,True,rock_vs_jazz,2,0.0100759320820073,0.11209957719670008
empirical,Octuple,CLaMP-2,True,True,rock_vs_jazz,3,0.008167907003271246,0.0805806041056499
empirical,Octuple,CLaMP-2,True,True,rock_vs_jazz,4,0.009968229887654001,0.10228604992916292
empirical,Octuple,CLaMP-2,True,True,rock_vs_electronic,0,0.015161191442543215,0.21958056987146715
empirical,Octuple,CLaMP-2,True,True,rock_vs_electronic,1,0.009237223152473412,0.12910326968364133
empirical,Octuple,CLaMP-2,True,True,rock_vs_electronic,2,0.009031497150276208,0.12811690722263994
empirical,Octuple,CLaMP-2,True,True,rock_vs_electronic,3,0.009981427140743265,0.13315903460106046
empirical,Octuple,CLaMP-2,True,True,rock_vs_electronic,4,0.01206923996790632,0.1705313065877777
empirical,Octuple,CLaMP-2,True,True,rock_vs_country,0,0.008284587385342379,0.11012074203708606
empirical,Octuple,CLaMP-2,True,True,rock_vs_country,1,0.008685090403126039,0.12344522297054702
empirical,Octuple,CLaMP-2,True,True,rock_vs_country,2,0.005128381355910816,0.07490478850573999
empirical,Octuple,CLaMP-2,True,True,rock_vs_country,3,0.008181656370832846,0.10899259421690409
empirical,Octuple,CLaMP-2,True,True,rock_vs_country,4,0.005523018522810952,0.0793449769983592
empirical,Octuple,CLaMP-2,True,True,jazz_vs_electronic,0,0.01228801241479105,0.15160470902181042
empirical,Octuple,CLaMP-2,True,True,jazz_vs_electronic,1,0.013128388944911168,0.15534083321504308
empirical,Octuple,CLaMP-2,True,True,jazz_vs_electronic,2,0.015237596259082165,0.18360790816944256
empirical,Octuple,CLaMP-2,True,True,jazz_vs_electronic,3,0.015816725611284888,0.18314664944334857
empirical,Octuple,CLaMP-2,True,True,jazz_vs_electronic,4,0.01721441846984567,0.187590394806203
empirical,Octuple,CLaMP-2,True,True,jazz_vs_country,0,0.011460067184315248,0.12354412173658896
empirical,Octuple,CLaMP-2,True,True,jazz_vs_country,1,0.011003548543351671,0.12244235393850955
empirical,Octuple,CLaMP-2,True,True,jazz_vs_country,2,0.014403408033558218,0.16068139492957934
empirical,Octuple,CLaMP-2,True,True,jazz_vs_country,3,0.011771050757705626,0.12930210179192
empirical,Octuple,CLaMP-2,True,True,jazz_vs_country,4,0.012111411057893429,0.12816462762441663
empirical,Octuple,CLaMP-2,True,True,electronic_vs_country,0,0.009444740915933114,0.14303059035087734
empirical,Octuple,CLaMP-2,True,True,electronic_vs_country,1,0.009806442812768212,0.14114642531062704
empirical,Octuple,CLaMP-2,True,True,electronic_vs_country,2,0.00910850461744983,0.14279414664289308
empirical,Octuple,CLaMP-2,True,True,electronic_vs_country,3,0.009089612679858111,0.14064058627578133
empirical,Octuple,CLaMP-2,True,True,electronic_vs_country,4,0.008986413766537665,0.13635855299871288
empirical,Octuple,MusicBERT,False,False,rock_vs_jazz,0,7.654874266994113,0.14071346838238133
empirical,Octuple,MusicBERT,False,False,rock_vs_jazz,1,7.756245169631754,0.1442646888045317
empirical,Octuple,MusicBERT,False,False,rock_vs_jazz,2,7.814111611769633,0.14248792796659293
empirical,Octuple,MusicBERT,False,False,rock_vs_jazz,3,7.063883600734897,0.12857814587400512
empirical,Octuple,MusicBERT,False,False,rock_vs_jazz,4,7.154440888717865,0.1305968706075472
empirical,Octuple,MusicBERT,False,False,rock_vs_electronic,0,8.350446328355616,0.14645636048703609
empirical,Octuple,MusicBERT,False,False,rock_vs_electronic,1,8.124705560765534,0.145805186520515
empirical,Octuple,MusicBERT,False,False,rock_vs_electronic,2,7.852375031806972,0.13964528250220798
empirical,Octuple,MusicBERT,False,False,rock_vs_electronic,3,8.52583390038253,0.15014387540298177
empirical,Octuple,MusicBERT,False,False,rock_vs_electronic,4,8.738188245532719,0.15083714665241119
empirical,Octuple,MusicBERT,False,False,rock_vs_country,0,7.4620613810781435,0.14737340509141583
empirical,Octuple,MusicBERT,False,False,rock_vs_country,1,7.320805639574623,0.14485041832753173
empirical,Octuple,MusicBERT,False,False,rock_vs_country,2,7.2962770313657686,0.1490833232322254
empirical,Octuple,MusicBERT,False,False,rock_vs_country,3,6.665480153873915,0.13774597062839786
empirical,Octuple,MusicBERT,False,False,rock_vs_country,4,7.372329333110137,0.14699058088755812
empirical,Octuple,MusicBERT,False,False,jazz_vs_electronic,0,11.01226505872745,0.20758707694457182
empirical,Octuple,MusicBERT,False,False,jazz_vs_electronic,1,10.856398112679265,0.20447723849157956
empirical,Octuple,MusicBERT,False,False,jazz_vs_electronic,2,10.350571148016684,0.1913415707956917
empirical,Octuple,MusicBERT,False,False,jazz_vs_electronic,3,10.484472361954353,0.1971844419619738
empirical,Octuple,MusicBERT,False,False,jazz_vs_electronic,4,10.578295593626898,0.19723306339776386
empirical,Octuple,MusicBERT,False,False,jazz_vs_country,0,7.261285689389638,0.15468174408023377
empirical,Octuple,MusicBERT,False,False,jazz_vs_country,1,7.216535709952801,0.15498115478557842
empirical,Octuple,MusicBERT,False,False,jazz_vs_country,2,7.150033337490612,0.15943625796263788
empirical,Octuple,MusicBERT,False,False,jazz_vs_country,3,7.420163957543387,0.1583701066901391
empirical,Octuple,MusicBERT,False,False,jazz_vs_country,4,7.2083031209958435,0.1576557623585308
empirical,Octuple,MusicBERT,False,False,electronic_vs_country,0,10.662940502775143,0.2181647763947672
empirical,Octuple,MusicBERT,False,False,electronic_vs_country,1,9.628191977613334,0.19614293923278625
empirical,Octuple,MusicBERT,False,False,electronic_vs_country,2,10.2028652759154,0.21204564150534275
empirical,Octuple,MusicBERT,False,False,electronic_vs_country,3,9.63346824470834,0.19337455102173554
empirical,Octuple,MusicBERT,False,False,electronic_vs_country,4,10.121843839644512,0.20697106073992064
empirical,Octuple,MusicBERT,True,True,rock_vs_jazz,0,7.173881573021021,0.13075190344257767
empirical,Octuple,MusicBERT,True,True,rock_vs_jazz,1,7.1262786052973155,0.12550625903181573
empirical,Octuple,MusicBERT,True,True,rock_vs_jazz,2,7.187113250788798,0.12987209829240984
empirical,Octuple,MusicBERT,True,True,rock_vs_jazz,3,7.1330772304226215,0.1274486455267541
empirical,Octuple,MusicBERT,True,True,rock_vs_jazz,4,7.46432191514797,0.1362960687681384
empirical,Octuple,MusicBERT,True,True,rock_vs_electronic,0,8.990593048849696,0.15998014156309937
empirical,Octuple,MusicBERT,True,True,rock_vs_electronic,1,8.150225248163395,0.14296950464908448
empirical,Octuple,MusicBERT,True,True,rock_vs_electronic,2,8.077881803491486,0.13926994387340302
empirical,Octuple,MusicBERT,True,True,rock_vs_electronic,3,8.614680673169012,0.149507409783235
empirical,Octuple,MusicBERT,True,True,rock_vs_electronic,4,8.23836143566507,0.14436032721556577
empirical,Octuple,MusicBERT,True,True,rock_vs_country,0,6.551030031128164,0.1263485828922685
empirical,Octuple,MusicBERT,True,True,rock_vs_country,1,6.524043915175895,0.12568306227653728
empirical,Octuple,MusicBERT,True,True,rock_vs_country,2,6.486833168668404,0.1226137954488668
empirical,Octuple,MusicBERT,True,True,rock_vs_country,3,6.089428230219326,0.11920411061025983
empirical,Octuple,MusicBERT,True,True,rock_vs_country,4,6.796231592614745,0.13839710833215405
empirical,Octuple,MusicBERT,True,True,jazz_vs_electronic,0,11.802245908424077,0.21148256062204984
empirical,Octuple,MusicBERT,True,True,jazz_vs_electronic,1,11.883359624481798,0.21347644014139658
empirical,Octuple,MusicBERT,True,True,jazz_vs_electronic,2,11.225411167041145,0.19696169586676018
empirical,Octuple,MusicBERT,True,True,jazz_vs_electronic,3,11.305144999308702,0.19882242021945665
empirical,Octuple,MusicBERT,True,True,jazz_vs_electronic,4,11.72869179708654,0.2133226807080402
empirical,Octuple,MusicBERT,True,True,jazz_vs_country,0,7.881782394593529,0.15368689342318573
empirical,Octuple,MusicBERT,True,True,jazz_vs_country,1,6.510687474897999,0.12754513757361233
empirical,Octuple,MusicBERT,True,True,jazz_vs_country,2,6.919581189729833,0.13654276826193992
empirical,Octuple,MusicBERT,True,True,jazz_vs_country,3,6.986207780672885,0.13628323394600345
empirical,Octuple,MusicBERT,True,True,jazz_vs_country,4,6.670489084687766,0.13159061037876996
empirical,Octuple,MusicBERT,True,True,electronic_vs_country,0,10.495773770574246,0.19719262566349732
empirical,Octuple,MusicBERT,True,True,electronic_vs_country,1,9.797076769482302,0.1856424608043395
empirical,Octuple,MusicBERT,True,True,electronic_vs_country,2,10.527702515448581,0.194470493770468
empirical,Octuple,MusicBERT,True,True,electronic_vs_country,3,10.345827377622669,0.19920715048558482
empirical,Octuple,MusicBERT,True,True,electronic_vs_country,4,10.047780341976178,0.18837160677047154
ledoit_wolf,REMI,CLaMP-2,False,False,rock_vs_jazz,0,0.08701609161610158,0.09774313923607296
ledoit_wolf,REMI,CLaMP-2,False,False,rock_vs_jazz,1,0.08466429198885772,0.0953422347574663
ledoit_wolf,REMI,CLaMP-2,False,False,rock_vs_jazz,2,0.096333731242492,0.11477061257114876
ledoit_wolf,REMI,CLaMP-2,False,False,rock_vs_jazz,3,0.08349667058565935,0.09420098668001187
ledoit_wolf,REMI,CLaMP-2,False,False,rock_vs_jazz,4,0.08956590426700772,0.10159479884991275
ledoit_wolf,REMI,CLaMP-2,False,False,rock_vs_electronic,0,0.0949204785816189,0.10009012326832491
ledoit_wolf,REMI,CLaMP-2,False,False,rock_vs_electronic,1,0.10261348774248535,0.106397241258224
ledoit_wolf,REMI,CLaMP-2,False,False,rock_vs_electronic,2,0.10387777600234172,0.10970639512893096
ledoit_wolf,REMI,CLaMP-2,False,False,rock_vs_electronic,3,0.09757261636955028,0.10350535175018154
ledoit_wolf,REMI,CLaMP-2,False,False,rock_vs_electronic,4,0.1021402845641648,0.11200457843707676
ledoit_wolf,REMI,CLaMP-2,False,False,rock_vs_country,0,0.1270965674379334,0.1379619932652104
ledoit_wolf,REMI,CLaMP-2,False,False,rock_vs_country,1,0.12301522715957602,0.13577763889920003
ledoit_wolf,REMI,CLaMP-2,False,False,rock_vs_country,2,0.14635579172884416,0.16099698705918142
ledoit_wolf,REMI,CLaMP-2,False,False,rock_vs_country,3,0.1359475720025598,0.14498358319820434
ledoit_wolf,REMI,CLaMP-2,False,False,rock_vs_country,4,0.14836665313156083,0.1564588679407752
ledoit_wolf,REMI,CLaMP-2,False,False,jazz_vs_electronic,0,0.09752965449874518,0.10885228412895925
ledoit_wolf,REMI,CLaMP-2,False,False,jazz_vs_electronic,1,0.09259813222727908,0.10521695522371148
ledoit_wolf,REMI,CLaMP-2,False,False,jazz_vs_electronic,2,0.10512472580463117,0.11705116269114445
ledoit_wolf,REMI,CLaMP-2,False,False,jazz_vs_electronic,3,0.10748540215166513,0.12135895675547714
ledoit_wolf,REMI,CLaMP-2,False,False,jazz_vs_electronic,4,0.0950554326155908,0.10790504238721939
ledoit_wolf,REMI,CLaMP-2,False,False,jazz_vs_country,0,0.15202358252303738,0.17345189396840355
ledoit_wolf,REMI,CLaMP-2,False,False,jazz_vs_country,1,0.15966211968488775,0.18191124752652257
ledoit_wolf,REMI,CLaMP-2,False,False,jazz_vs_country,2,0.1399595515278549,0.16004782811976437
ledoit_wolf,REMI,CLaMP-2,False,False,jazz_vs_country,3,0.12617984781258473,0.14353285038308283
ledoit_wolf,REMI,CLaMP-2,False,False,jazz_vs_country,4,0.17308222691660102,0.19776269193617652
ledoit_wolf,REMI,CLaMP-2,False,False,electronic_vs_country,0,0.1415213479715285,0.15354692279112603
ledoit_wolf,REMI,CLaMP-2,False,False,electronic_vs_country,1,0.1564484107704096,0.1641115650761639
ledoit_wolf,REMI,CLaMP-2,False,False,electronic_vs_country,2,0.15485873046010135,0.16314891675637946
ledoit_wolf,REMI,CLaMP-2,False,False,electronic_vs_country,3,0.15612665768670875,0.1664887336394161
ledoit_wolf,REMI,CLaMP-2,False,False,electronic_vs_country,4,0.14429972504767796,0.15135757777784536
ledoit_wolf,REMI,CLaMP-2,True,True,rock_vs_jazz,0,0.1362530874853023,0.1752428372181878
ledoit_wolf,REMI,CLaMP-2,True,True,rock_vs_jazz,1,0.11659935380933606,0.1522247726774435
ledoit_wolf,REMI,CLaMP-2,True,True,rock_vs_jazz,2,0.14565344753383824,0.1893878826645065
ledoit_wolf,REMI,CLaMP-2,True,True,rock_vs_jazz,3,0.14162781656096857,0.19052006052487755
ledoit_wolf,REMI,CLaMP-2,True,True,rock_vs_jazz,4,0.14405868896782803,0.17920974043286755
ledoit_wolf,REMI,CLaMP-2,True,True,rock_vs_electronic,0,0.09205866589855027,0.10355005939352667
ledoit_wolf,REMI,CLaMP-2,True,True,rock_vs_electronic,1,0.09584563102713661,0.1092796473252418
ledoit_wolf,REMI,CLaMP-2,True,True,rock_vs_electronic,2,0.0857955706663377,0.09593533051001911
ledoit_wolf,REMI,CLaMP-2,True,True,rock_vs_electronic,3,0.08046994530831342,0.08984827442095254
ledoit_wolf,REMI,CLaMP-2,True,True,rock_vs_electronic,4,0.08802518425236583,0.09975673975781313
ledoit_wolf,REMI,CLaMP-2,True,True,rock_vs_country,0,0.08884145580903813,0.11810560129420543
ledoit_wolf,REMI,CLaMP-2,True,True,rock_vs_country,1,0.10588234759336324,0.13003376407501616
ledoit_wolf,REMI,CLaMP-2,True,True,rock_vs_country,2,0.09224910682209553,0.12177720092818023
ledoit_wolf,REMI,CLaMP-2,True,True,rock_vs_country,3,0.0981627233150314,0.1295529983069755
ledoit_wolf,REMI,CLaMP-2,True,True,rock_vs_country,4,0.09911958945815658,0.1256321037961031
ledoit_wolf,REMI,CLaMP-2,True,True,jazz_vs_electronic,0,0.13645540864225136,0.1697674218589017
ledoit_wolf,REMI,CLaMP-2,True,True,jazz_vs_electronic,1,0.13781938495215806,0.16968338425511678
ledoit_wolf,REMI,CLaMP-2,True,True,jazz_vs_electronic,2,0.13541333513591314,0.16790708018490913
ledoit_wolf,REMI,CLaMP-2,True,True,jazz_vs_electronic,3,0.1610152333924284,0.20990104052126815
ledoit_wolf,REMI,CLaMP-2,True,True,jazz_vs_electronic,4,0.17262015949016918,0.22440164767000872
ledoit_wolf,REMI,CLaMP-2,True,True,jazz_vs_country,0,0.0989889063559064,0.1448406010004103
ledoit_wolf,REMI,CLaMP-2,True,True,jazz_vs_country,1,0.10004530546580082,0.1458774250885591
ledoit_wolf,REMI,CLaMP-2,True,True,jazz_vs_country,2,0.10799242306514145,0.15543091839058967
ledoit_wolf,REMI,CLaMP-2,True,True,jazz_vs_country,3,0.10852166664220242,0.15573277047362458
ledoit_wolf,REMI,CLaMP-2,True,True,jazz_vs_country,4,0.10934961034901525,0.1581125959851163
ledoit_wolf,REMI,CLaMP-2,True,True,electronic_vs_country,0,0.1301019851074472,0.15903749805015865
ledoit_wolf,REMI,CLaMP-2,True,True,electronic_vs_country,1,0.124576668589362,0.1587561770054467
ledoit_wolf,REMI,CLaMP-2,True,True,electronic_vs_country,2,0.1313083937662557,0.1614230389261883
ledoit_wolf,REMI,CLaMP-2,True,True,electronic_vs_country,3,0.1363212709241729,0.17397792871156034
ledoit_wolf,REMI,CLaMP-2,True,True,electronic_vs_country,4,0.12566091210102504,0.15713928374461314
ledoit_wolf,REMI,MusicBERT,False,False,rock_vs_jazz,0,5.065320708862956,0.151171391323506
ledoit_wolf,REMI,MusicBERT,False,False,rock_vs_jazz,1,5.281582441422849,0.15340927786499942
ledoit_wolf,REMI,MusicBERT,False,False,rock_vs_jazz,2,5.192635167116116,0.15561673262819198
ledoit_wolf,REMI,MusicBERT,False,False,rock_vs_jazz,3,4.963209370720424,0.14818369990570038
ledoit_wolf,REMI,MusicBERT,False,False,rock_vs_jazz,4,4.852646124718081,0.14422601184876024
ledoit_wolf,REMI,MusicBERT,False,False,rock_vs_electronic,0,5.179605203781023,0.13907783372269586
ledoit_wolf,REMI,MusicBERT,False,False,rock_vs_electronic,1,5.036002731755325,0.13277211975289316
ledoit_wolf,REMI,MusicBERT,False,False,rock_vs_electronic,2,5.536661376703947,0.14535503258962237
ledoit_wolf,REMI,MusicBERT,False,False,rock_vs_electronic,3,5.161519710431335,0.13717811602179947
ledoit_wolf,REMI,MusicBERT,False,False,rock_vs_electronic,4,5.2421952696140295,0.13999671931644164
ledoit_wolf,REMI,MusicBERT,False,False,rock_vs_country,0,5.438387318388905,0.1795290858260832
ledoit_wolf,REMI,MusicBERT,False,False,rock_vs_country,1,5.935651061956101,0.18994702488294235
ledoit_wolf,REMI,MusicBERT,False,False,rock_vs_country,2,5.52122520946924,0.1784971892450889
ledoit_wolf,REMI,MusicBERT,False,False,rock_vs_country,3,5.094330676811381,0.16541921488873304
ledoit_wolf,REMI,MusicBERT,False,False,rock_vs_country,4,5.118519354944354,0.16679341968435385
ledoit_wolf,REMI,MusicBERT,False,False,jazz_vs_electronic,0,5.261993909158619,0.14789918960199072
ledoit_wolf,REMI,MusicBERT,False,False,jazz_vs_electronic,1,5.839951261257351,0.1662881483647588
ledoit_wolf,REMI,MusicBERT,False,False,jazz_vs_electronic,2,5.491221224142052,0.15734624487196247
ledoit_wolf,REMI,MusicBERT,False,False,jazz_vs_electronic,3,5.83878288092486,0.1635681383893273
ledoit_wolf,REMI,MusicBERT,False,False,jazz_vs_electronic,4,5.912447045866482,0.163807571929494
ledoit_wolf,REMI,MusicBERT,False,False,jazz_vs_country,0,4.694601249853221,0.16975818669383952
ledoit_wolf,REMI,MusicBERT,False,False,jazz_vs_country,1,4.551891743586275,0.1581104502636504
ledoit_wolf,REMI,MusicBERT,False,False,jazz_vs_country,2,4.3482228387654445,0.15539426581510124
ledoit_wolf,REMI,MusicBERT,False,False,jazz_vs_country,3,4.484399809769624,0.15932937580923717
ledoit_wolf,REMI,MusicBERT,False,False,jazz_vs_country,4,4.331493761659274,0.15204818629269387
ledoit_wolf,REMI,MusicBERT,False,False,electronic_vs_country,0,6.72171561005478,0.20865761965024168
ledoit_wolf,REMI,MusicBERT,False,False,electronic_vs_country,1,6.830504796663078,0.21341585096117044
ledoit_wolf,REMI,MusicBERT,False,False,electronic_vs_country,2,6.439170668484067,0.20310898239106084
ledoit_wolf,REMI,MusicBERT,False,False,electronic_vs_country,3,7.114532054104728,0.22299687257210835
ledoit_wolf,REMI,MusicBERT,False,False,electronic_vs_country,4,6.879593794318605,0.21282545001617117
ledoit_wolf,REMI,MusicBERT,True,True,rock_vs_jazz,0,4.364564003601323,0.14343545734503046
ledoit_wolf,REMI,MusicBERT,True,True,rock_vs_jazz,1,4.2175052310885555,0.13906206545431654
ledoit_wolf,REMI,MusicBERT,True,True,rock_vs_jazz,2,4.289878613103763,0.14179679726402736
ledoit_wolf,REMI,MusicBERT,True,True,rock_vs_jazz,3,4.067670887860324,0.14028113469871475
ledoit_wolf,REMI,MusicBERT,True,True,rock_vs_jazz,4,4.251476611747755,0.14088226308675042
ledoit_wolf,REMI,MusicBERT,True,True,rock_vs_electronic,0,5.198068867078568,0.1498790687804144
ledoit_wolf,REMI,MusicBERT,True,True,rock_vs_electronic,1,4.63003283857617,0.13376537676370187
ledoit_wolf,REMI,MusicBERT,True,True,rock_vs_electronic,2,5.017683440264808,0.14437771289651044
ledoit_wolf,REMI,MusicBERT,True,True,rock_vs_electronic,3,4.869471262737363,0.1398840317999104
ledoit_wolf,REMI,MusicBERT,True,True,rock_vs_electronic,4,4.946617177870888,0.14088149976041672
ledoit_wolf,REMI,MusicBERT,True,True,rock_vs_country,0,4.445987869996927,0.16218786376571118
ledoit_wolf,REMI,MusicBERT,True,True,rock_vs_country,1,4.482218309642981,0.15842648173430426
ledoit_wolf,REMI,MusicBERT,True,True,rock_vs_country,2,4.37408855589301,0.15712734342938114
ledoit_wolf,REMI,MusicBERT,True,True,rock_vs_country,3,4.43364951592384,0.157724442442049
ledoit_wolf,REMI,MusicBERT,True,True,rock_vs_country,4,4.297354183532882,0.15538054489994527
ledoit_wolf,REMI,MusicBERT,True,True,jazz_vs_electronic,0,5.126737204219204,0.15782926736013342
ledoit_wolf,REMI,MusicBERT,True,True,jazz_vs_electronic,1,4.867839422096651,0.1512171701837038
ledoit_wolf,REMI,MusicBERT,True,True,jazz_vs_electronic,2,5.08088779954797,0.15415766750868348
ledoit_wolf,REMI,MusicBERT,True,True,jazz_vs_electronic,3,5.394958754139463,0.16477956772945804
ledoit_wolf,REMI,MusicBERT,True,True,jazz_vs_electronic,4,5.635575679937084,0.16850406569078646
ledoit_wolf,REMI,MusicBERT,True,True,jazz_vs_country,0,3.7379309867404125,0.14974919465642314
ledoit_wolf,REMI,MusicBERT,True,True,jazz_vs_country,1,3.8921499150412195,0.15606312852401738
ledoit_wolf,REMI,MusicBERT,True,True,jazz_vs_country,2,4.172051881448745,0.1641724014550943
ledoit_wolf,REMI,MusicBERT,True,True,jazz_vs_country,3,3.8324004137741383,0.15095086078291842
ledoit_wolf,REMI,MusicBERT,True,True,jazz_vs_country,4,4.044544645045079,0.1590942960387958
ledoit_wolf,REMI,MusicBERT,True,True,electronic_vs_country,0,6.321850387778625,0.21527669578244393
ledoit_wolf,REMI,MusicBERT,True,True,electronic_vs_country,1,6.373714797716957,0.21436236970350842
ledoit_wolf,REMI,MusicBERT,True,True,electronic_vs_country,2,6.179382696801994,0.20516393368738106
ledoit_wolf,REMI,MusicBERT,True,True,electronic_vs_country,3,6.475474394799516,0.21464283949917345
ledoit_wolf,REMI,MusicBERT,True,True,electronic_vs_country,4,6.260749538537567,0.2054017655110639
ledoit_wolf,Octuple,CLaMP-2,False,False,rock_vs_jazz,0,0.01488613760980298,0.1451046544104593
ledoit_wolf,Octuple,CLaMP-2,False,False,rock_vs_jazz,1,0.009414671878016978,0.08837881255316804
ledoit_wolf,Octuple,CLaMP-2,False,False,rock_vs_jazz,2,0.011021742130069734,0.10428324377140624
ledoit_wolf,Octuple,CLaMP-2,False,False,rock_vs_jazz,3,0.012649250668875844,0.11179171260113555
ledoit_wolf,Octuple,CLaMP-2,False,False,rock_vs_jazz,4,0.010223426116441836,0.10257502817668403
ledoit_wolf,Octuple,CLaMP-2,False,False,rock_vs_electronic,0,0.010108608292758225,0.12950794523237094
ledoit_wolf,Octuple,CLaMP-2,False,False,rock_vs_electronic,1,0.008234523834353802,0.11609497167437852
ledoit_wolf,Octuple,CLaMP-2,False,False,rock_vs_electronic,2,0.008658091551414226,0.11727188366019954
ledoit_wolf,Octuple,CLaMP-2,False,False,rock_vs_electronic,3,0.008000870083746364,0.10763554802890071
ledoit_wolf,Octuple,CLaMP-2,False,False,rock_vs_electronic,4,0.007329935048515035,0.09743218159918507
ledoit_wolf,Octuple,CLaMP-2,False,False,rock_vs_country,0,0.008078242945919134,0.10572066236806099
ledoit_wolf,Octuple,CLaMP-2,False,False,rock_vs_country,1,0.006418898430783582,0.087662523096342
ledoit_wolf,Octuple,CLaMP-2,False,False,rock_vs_country,2,0.006447678166396242,0.08690543881278474
ledoit_wolf,Octuple,CLaMP-2,False,False,rock_vs_country,3,0.00898831196212313,0.12545166728021762
ledoit_wolf,Octuple,CLaMP-2,False,False,rock_vs_country,4,0.0061233971631939055,0.08291651914871372
ledoit_wolf,Octuple,CLaMP-2,False,False,jazz_vs_electronic,0,0.019761425566175383,0.19774576869519633
ledoit_wolf,Octuple,CLaMP-2,False,False,jazz_vs_electronic,1,0.021095055176586774,0.1982873416874942
ledoit_wolf,Octuple,CLaMP-2,False,False,jazz_vs_electronic,2,0.021297110831284355,0.19961057822226622
ledoit_wolf,Octuple,CLaMP-2,False,False,jazz_vs_electronic,3,0.014841722551683173,0.15554973139417447
ledoit_wolf,Octuple,CLaMP-2,False,False,jazz_vs_electronic,4,0.02214409194928585,0.20508682205314677
ledoit_wolf,Octuple,CLaMP-2,False,False,jazz_vs_country,0,0.01705284995584988,0.17167687896895462
ledoit_wolf,Octuple,CLaMP-2,False,False,jazz_vs_country,1,0.015109833138610279,0.15974470828489723
ledoit_wolf,Octuple,CLaMP-2,False,False,jazz_vs_country,2,0.017746798495645894,0.17501359098893532
ledoit_wolf,Octuple,CLaMP-2,False,False,jazz_vs_country,3,0.015130978057565914,0.1522242393384218
ledoit_wolf,Octuple,CLaMP-2,False,False,jazz_vs_country,4,0.01730633690252134,0.16089614213414474
ledoit_wolf,Octuple,CLaMP-2,False,False,electronic_vs_country,0,0.00873319521418986,0.12729393677969925
ledoit_wolf,Octuple,CLaMP-2,False,False,electronic_vs_country,1,0.008121876162894864,0.12197824629586324
ledoit_wolf,Octuple,CLaMP-2,False,False,electronic_vs_country,2,0.007013880753710983,0.1141101600189599
ledoit_wolf,Octuple,CLaMP-2,False,False,electronic_vs_country,3,0.008910935283634042,0.1275695167344782
ledoit_wolf,Octuple,CLaMP-2,False,False,electronic_vs_country,4,0.00839615330444049,0.12643032539840504
ledoit_wolf,Octuple,CLaMP-2,True,True,rock_vs_jazz,0,0.007068114207442577,0.07853023371936618
ledoit_wolf,Octuple,CLaMP-2,True,True,rock_vs_jazz,1,0.007924396028920921,0.07769079702723683
ledoit_wolf,Octuple,CLaMP-2,True,True,rock_vs_jazz,2,0.007550687961176056,0.08099987255691797
ledoit_wolf,Octuple,CLaMP-2,True,True,rock_vs_jazz,3,0.00816326464294373,0.08787146781865657
ledoit_wolf,Octuple,CLaMP-2,True,True,rock_vs_jazz,4,0.00813586449902201,0.0892712995273585
ledoit_wolf,Octuple,CLaMP-2,True,True,rock_vs_electronic,0,0.009370443969691084,0.12470359983104587
ledoit_wolf,Octuple,CLaMP-2,True,True,rock_vs_electronic,1,0.006002097574473064,0.08769050053349689
ledoit_wolf,Octuple,CLaMP-2,True,True,rock_vs_electronic,2,0.008184845996975804,0.11891131303674718
ledoit_wolf,Octuple,CLaMP-2,True,True,rock_vs_electronic,3,0.010039209335693133,0.13454897823370915
ledoit_wolf,Octuple,CLaMP-2,True,True,rock_vs_electronic,4,0.008403818930631135,0.11152234748851107
ledoit_wolf,Octuple,CLaMP-2,True,True,rock_vs_country,0,0.005929651106975381,0.08192972663139457
ledoit_wolf,Octuple,CLaMP-2,True,True,rock_vs_country,1,0.006298350882673248,0.08958581565943712
ledoit_wolf,Octuple,CLaMP-2,True,True,rock_vs_country,2,0.008777684746507197,0.11691508278797104
ledoit_wolf,Octuple,CLaMP-2,True,True,rock_vs_country,3,0.007287705094715796,0.10994090395165884
ledoit_wolf,Octuple,CLaMP-2,True,True,rock_vs_country,4,0.006775799344514277,0.09367623410278489
ledoit_wolf,Octuple,CLaMP-2,True,True,jazz_vs_electronic,0,0.015065891802109599,0.16914756663006542
ledoit_wolf,Octuple,CLaMP-2,True,True,jazz_vs_electronic,1,0.0120928823125723,0.14536513294661707
ledoit_wolf,Octuple,CLaMP-2,True,True,jazz_vs_electronic,2,0.015013984894247767,0.1661583275723983
ledoit_wolf,Octuple,CLaMP-2,True,True,jazz_vs_electronic,3,0.020707950953159082,0.24172206864743193
ledoit_wolf,Octuple,CLaMP-2,True,True,jazz_vs_electronic,4,0.019574537022287675,0.2252523751198195
ledoit_wolf,Octuple,CLaMP-2,True,True,jazz_vs_country,0,0.009715077895455504,0.10684399294475784
ledoit_wolf,Octuple,CLaMP-2,True,True,jazz_vs_country,1,0.008814104106681847,0.10285306643508012
ledoit_wolf,Octuple,CLaMP-2,True,True,jazz_vs_country,2,0.009983408234376018,0.10795339180685107
ledoit_wolf,Octuple,CLaMP-2,True,True,jazz_vs_country,3,0.011800944775726047,0.13332874812132547
ledoit_wolf,Octuple,CLaMP-2,True,True,jazz_vs_country,4,0.01189153894063491,0.1301095229071675
ledoit_wolf,Octuple,CLaMP-2,True,True,electronic_vs_country,0,0.009291628612123293,0.13731597498002024
ledoit_wolf,Octuple,CLaMP-2,True,True,electronic_vs_country,1,0.008237848377982887,0.12459194411242591
ledoit_wolf,Octuple,CLaMP-2,True,True,electronic_vs_country,2,0.007677426846116886,0.12198378344836831
ledoit_wolf,Octuple,CLaMP-2,True,True,electronic_vs_country,3,0.008456714028688472,0.12440097264639588
ledoit_wolf,Octuple,CLaMP-2,True,True,electronic_vs_country,4,0.007097215949397773,0.11808591352409306
ledoit_wolf,Octuple,MusicBERT,False,False,rock_vs_jazz,0,7.1995391657868595,0.13349746894721418
ledoit_wolf,Octuple,MusicBERT,False,False,rock_vs_jazz,1,6.518836149184068,0.12379721890571029
ledoit_wolf,Octuple,MusicBERT,False,False,rock_vs_jazz,2,6.098175382150586,0.11276238934915933
ledoit_wolf,Octuple,MusicBERT,False,False,rock_vs_jazz,3,5.9635531342704695,0.11585931557310601
ledoit_wolf,Octuple,MusicBERT,False,False,rock_vs_jazz,4,6.224334479872319,0.11579854325607365
ledoit_wolf,Octuple,MusicBERT,False,False,rock_vs_electronic,0,7.75635270185429,0.14210302334419092
ledoit_wolf,Octuple,MusicBERT,False,False,rock_vs_electronic,1,7.369545328773619,0.1289519107952107
ledoit_wolf,Octuple,MusicBERT,False,False,rock_vs_electronic,2,6.993886396057668,0.12465946222716061
ledoit_wolf,Octuple,MusicBERT,False,False,rock_vs_electronic,3,6.876119640782001,0.12409541593949357
ledoit_wolf,Octuple,MusicBERT,False,False,rock_vs_electronic,4,7.264114309562309,0.13046139781588753
ledoit_wolf,Octuple,MusicBERT,False,False,rock_vs_country,0,5.991329230281487,0.12773823821991362
ledoit_wolf,Octuple,MusicBERT,False,False,rock_vs_country,1,6.352410350600074,0.12815554712538485
ledoit_wolf,Octuple,MusicBERT,False,False,rock_vs_country,2,6.212305431801894,0.1274935803870747
ledoit_wolf,Octuple,MusicBERT,False,False,rock_vs_country,3,6.34315032301582,0.12950321834808542
ledoit_wolf,Octuple,MusicBERT,False,False,rock_vs_country,4,5.7218302651399,0.11718567930975923
ledoit_wolf,Octuple,MusicBERT,False,False,jazz_vs_electronic,0,10.380710842724937,0.19449806242164916
ledoit_wolf,Octuple,MusicBERT,False,False,jazz_vs_electronic,1,9.532493351510396,0.17535674337897844
ledoit_wolf,Octuple,MusicBERT,False,False,jazz_vs_electronic,2,9.765420953554667,0.18139197658525266
ledoit_wolf,Octuple,MusicBERT,False,False,jazz_vs_electronic,3,8.727952364077176,0.161704163404072
ledoit_wolf,Octuple,MusicBERT,False,False,jazz_vs_electronic,4,9.810923686928206,0.18573106363444553
ledoit_wolf,Octuple,MusicBERT,False,False,jazz_vs_country,0,6.125896473165049,0.13108014660327816
ledoit_wolf,Octuple,MusicBERT,False,False,jazz_vs_country,1,5.9136686182193685,0.12572942501572584
ledoit_wolf,Octuple,MusicBERT,False,False,jazz_vs_country,2,6.302428865368022,0.1333907901910951
ledoit_wolf,Octuple,MusicBERT,False,False,jazz_vs_country,3,6.170060413687374,0.12965522923237796
ledoit_wolf,Octuple,MusicBERT,False,False,jazz_vs_country,4,5.877222189375111,0.12307040074176763
ledoit_wolf,Octuple,MusicBERT,False,False,electronic_vs_country,0,9.125613107123854,0.183333290980108
ledoit_wolf,Octuple,MusicBERT,False,False,electronic_vs_country,1,9.097398616038681,0.18689352414010013
ledoit_wolf,Octuple,MusicBERT,False,False,electronic_vs_country,2,8.535190252325492,0.1708524106149925
ledoit_wolf,Octuple,MusicBERT,False,False,electronic_vs_country,3,8.941899283779861,0.18303212509703792
ledoit_wolf,Octuple,MusicBERT,False,False,electronic_vs_country,4,9.20538502964736,0.1871375420933394
ledoit_wolf,Octuple,MusicBERT,True,True,rock_vs_jazz,0,6.4845906130492,0.11663505241227082
ledoit_wolf,Octuple,MusicBERT,True,True,rock_vs_jazz,1,6.145307324603976,0.11125224238348982
ledoit_wolf,Octuple,MusicBERT,True,True,rock_vs_jazz,2,6.5072877006718315,0.11646512678567775
ledoit_wolf,Octuple,MusicBERT,True,True,rock_vs_jazz,3,6.009337114914018,0.10749920431538725
ledoit_wolf,Octuple,MusicBERT,True,True,rock_vs_jazz,4,6.274822383344656,0.1122695614734818
ledoit_wolf,Octuple,MusicBERT,True,True,rock_vs_electronic,0,6.8259510467377424,0.11613953311986258
ledoit_wolf,Octuple,MusicBERT,True,True,rock_vs_electronic,1,7.366509807513474,0.12593505348060263
ledoit_wolf,Octuple,MusicBERT,True,True,rock_vs_electronic,2,7.23780701344954,0.12601348088756453
ledoit_wolf,Octuple,MusicBERT,True,True,rock_vs_electronic,3,7.599434467867802,0.13037482395174582
ledoit_wolf,Octuple,MusicBERT,True,True,rock_vs_electronic,4,7.24037065805755,0.1261126921328716
ledoit_wolf,Octuple,MusicBERT,True,True,rock_vs_country,0,5.342764562109757,0.10664622487042652
ledoit_wolf,Octuple,MusicBERT,True,True,rock_vs_country,1,5.41448532285321,0.10696948549576754
ledoit_wolf,Octuple,MusicBERT,True,True,rock_vs_country,2,5.19199945317073,0.103655741362741
ledoit_wolf,Octuple,MusicBERT,True,True,rock_vs_country,3,5.635659544349068,0.10832757776176252
ledoit_wolf,Octuple,MusicBERT,True,True,rock_vs_country,4,5.852872042916445,0.11456638761492617
ledoit_wolf,Octuple,MusicBERT,True,True,jazz_vs_electronic,0,11.196614781405039,0.19790610698715538
ledoit_wolf,Octuple,MusicBERT,True,True,jazz_vs_electronic,1,10.186659228715918,0.18240203278602846
ledoit_wolf,Octuple,MusicBERT,True,True,jazz_vs_electronic,2,9.708014546913105,0.17196188761910075
ledoit_wolf,Octuple,MusicBERT,True,True,jazz_vs_electronic,3,9.633152428947653,0.1710976870828986
ledoit_wolf,Octuple,MusicBERT,True,True,jazz_vs_electronic,4,10.387112117209163,0.18732988498880832
ledoit_wolf,Octuple,MusicBERT,True,True,jazz_vs_country,0,6.2370261285098465,0.12341868129978485
ledoit_wolf,Octuple,MusicBERT,True,True,jazz_vs_country,1,5.480674752341699,0.10698369682543053
ledoit_wolf,Octuple,MusicBERT,True,True,jazz_vs_country,2,5.927823362935527,0.11822805499261053
ledoit_wolf,Octuple,MusicBERT,True,True,jazz_vs_country,3,6.063280655826738,0.11891944635838424
ledoit_wolf,Octuple,MusicBERT,True,True,jazz_vs_country,4,5.77196679657348,0.11410159415409105
ledoit_wolf,Octuple,MusicBERT,True,True,electronic_vs_country,0,8.542424641813632,0.16205259118447513
ledoit_wolf,Octuple,MusicBERT,True,True,electronic_vs_country,1,9.222568055682366,0.17651458800857137
ledoit_wolf,Octuple,MusicBERT,True,True,electronic_vs_country,2,9.389119367135308,0.18247718803776172
ledoit_wolf,Octuple,MusicBERT,True,True,electronic_vs_country,3,9.717339544786071,0.1881394326654653
ledoit_wolf,Octuple,MusicBERT,True,True,electronic_vs_country,4,9.366920707347596,0.18621147331221846
basic_shrinkage,REMI,CLaMP-2,False,False,rock_vs_jazz,0,0.08633893469745324,0.09872433566981913
basic_shrinkage,REMI,CLaMP-2,False,False,rock_vs_jazz,1,0.09668583126020347,0.10992599041526732
basic_shrinkage,REMI,CLaMP-2,False,False,rock_vs_jazz,2,0.10141999481502462,0.1182967672354098
basic_shrinkage,REMI,CLaMP-2,False,False,rock_vs_jazz,3,0.10450398059314137,0.12501801714391414
basic_shrinkage,REMI,CLaMP-2,False,False,rock_vs_jazz,4,0.08880960569414176,0.1008652990648098
basic_shrinkage,REMI,CLaMP-2,False,False,rock_vs_electronic,0,0.08960255861126987,0.09438241447489777
basic_shrinkage,REMI,CLaMP-2,False,False,rock_vs_electronic,1,0.09321890179261016,0.09980031989796659
basic_shrinkage,REMI,CLaMP-2,False,False,rock_vs_electronic,2,0.09819724434337163,0.10570885397656495
basic_shrinkage,REMI,CLaMP-2,False,False,rock_vs_electronic,3,0.09904912230220841,0.10923371675347965
basic_shrinkage,REMI,CLaMP-2,False,False,rock_vs_electronic,4,0.08520222336290706,0.08983177731585294
basic_shrinkage,REMI,CLaMP-2,False,False,rock_vs_country,0,0.11503394833990643,0.12346595726884531
basic_shrinkage,REMI,CLaMP-2,False,False,rock_vs_country,1,0.12939362969552315,0.13891735753861065
basic_shrinkage,REMI,CLaMP-2,False,False,rock_vs_country,2,0.12628452218155484,0.13909088335873923
basic_shrinkage,REMI,CLaMP-2,False,False,rock_vs_country,3,0.11456272866021644,0.12456732479210561
basic_shrinkage,REMI,CLaMP-2,False,False,rock_vs_country,4,0.1337858684524207,0.14447014612243106
basic_shrinkage,REMI,CLaMP-2,False,False,jazz_vs_electronic,0,0.10703165386771007,0.12167308574318368
basic_shrinkage,REMI,CLaMP-2,False,False,jazz_vs_electronic,1,0.09894646906763216,0.1073376857807605
basic_shrinkage,REMI,CLaMP-2,False,False,jazz_vs_electronic,2,0.10458413430363067,0.1173818384596894
basic_shrinkage,REMI,CLaMP-2,False,False,jazz_vs_electronic,3,0.09480272315740845,0.10632283002231077
basic_shrinkage,REMI,CLaMP-2,False,False,jazz_vs_electronic,4,0.09578737907357127,0.10722668662447805
basic_shrinkage,REMI,CLaMP-2,False,False,jazz_vs_country,0,0.16467776250841226,0.18632360985421983
basic_shrinkage,REMI,CLaMP-2,False,False,jazz_vs_country,1,0.12282570735397647,0.14282223746603184
basic_shrinkage,REMI,CLaMP-2,False,False,jazz_vs_country,2,0.13516867339242944,0.15544114734148087
basic_shrinkage,REMI,CLaMP-2,False,False,jazz_vs_country,3,0.1265522976323552,0.14674708423832372
basic_shrinkage,REMI,CLaMP-2,False,False,jazz_vs_country,4,0.13231503947019063,0.14728603424724876
basic_shrinkage,REMI,CLaMP-2,False,False,electronic_vs_country,0,0.14959103151811104,0.15741268496156596
basic_shrinkage,REMI,CLaMP-2,False,False,electronic_vs_country,1,0.15895940796129826,0.1697754760089382
basic_shrinkage,REMI,CLaMP-2,False,False,electronic_vs_country,2,0.1585559609586511,0.17282584442473603
basic_shrinkage,REMI,CLaMP-2,False,False,electronic_vs_country,3,0.15073208618647582,0.16651354411158392
basic_shrinkage,REMI,CLaMP-2,False,False,electronic_vs_country,4,0.15270142209925663,0.1617878312583359
basic_shrinkage,REMI,CLaMP-2,True,True,rock_vs_jazz,0,0.13754951419456463,0.17275761172464973
basic_shrinkage,REMI,CLaMP-2,True,True,rock_vs_jazz,1,0.13141465150798848,0.16501146207718054
basic_shrinkage,REMI,CLaMP-2,True,True,rock_vs_jazz,2,0.15581488822882683,0.19547468183888086
basic_shrinkage,REMI,CLaMP-2,True,True,rock_vs_jazz,3,0.12561041970322306,0.16184642803925461
basic_shrinkage,REMI,CLaMP-2,True,True,rock_vs_jazz,4,0.1257560329337084,0.16322715397286253
basic_shrinkage,REMI,CLaMP-2,True,True,rock_vs_electronic,0,0.08544354807857824,0.09627943696223644
basic_shrinkage,REMI,CLaMP-2,True,True,rock_vs_electronic,1,0.08172243525188938,0.09419012287499276
basic_shrinkage,REMI,CLaMP-2,True,True,rock_vs_electronic,2,0.0888608694877373,0.1021161439591857
basic_shrinkage,REMI,CLaMP-2,True,True,rock_vs_electronic,3,0.08244163615737721,0.09261371079559415
basic_shrinkage,REMI,CLaMP-2,True,True,rock_vs_electronic,4,0.0910764480473194,0.10254790688570188
basic_shrinkage,REMI,CLaMP-2,True,True,rock_vs_country,0,0.09242850255378077,0.11891230608915043
basic_shrinkage,REMI,CLaMP-2,True,True,rock_vs_country,1,0.10901220403141831,0.13654322236701633
basic_shrinkage,REMI,CLaMP-2,True,True,rock_vs_country,2,0.10555718527946811,0.1354426040304345
basic_shrinkage,REMI,CLaMP-2,True,True,rock_vs_country,3,0.09146942918232681,0.11815011582053628
basic_shrinkage,REMI,CLaMP-2,True,True,rock_vs_country,4,0.08477174577258129,0.10861377036457365
basic_shrinkage,REMI,CLaMP-2,True,True,jazz_vs_electronic,0,0.1451424975552228,0.19309718831966652
basic_shrinkage,REMI,CLaMP-2,True,True,jazz_vs_electronic,1,0.12478706778896487,0.16177149203165525
basic_shrinkage,REMI,CLaMP-2,True,True,jazz_vs_electronic,2,0.13113353680595063,0.1627038480982049
basic_shrinkage,REMI,CLaMP-2,True,True,jazz_vs_electronic,3,0.12610000893987272,0.16068460991912906
basic_shrinkage,REMI,CLaMP-2,True,True,jazz_vs_electronic,4,0.14050650628305583,0.1741925532908567
basic_shrinkage,REMI,CLaMP-2,True,True,jazz_vs_country,0,0.11223315735657502,0.16490376924945635
basic_shrinkage,REMI,CLaMP-2,True,True,jazz_vs_country,1,0.11041814018610374,0.1601137955766212
basic_shrinkage,REMI,CLaMP-2,True,True,jazz_vs_country,2,0.09303486698046015,0.1383546460893379
basic_shrinkage,REMI,CLaMP-2,True,True,jazz_vs_country,3,0.09550802123949731,0.1427060370674336
basic_shrinkage,REMI,CLaMP-2,True,True,jazz_vs_country,4,0.09736555888697196,0.1431783209658707
basic_shrinkage,REMI,CLaMP-2,True,True,electronic_vs_country,0,0.11981155277142996,0.15498762404074434
basic_shrinkage,REMI,CLaMP-2,True,True,electronic_vs_country,1,0.11136669510745145,0.14088046618395386
basic_shrinkage,REMI,CLaMP-2,True,True,electronic_vs_country,2,0.13051501400287469,0.16400885995347766
basic_shrinkage,REMI,CLaMP-2,True,True,electronic_vs_country,3,0.13915393851544744,0.17771677409949652
basic_shrinkage,REMI,CLaMP-2,True,True,electronic_vs_country,4,0.12387323754668567,0.16040617835183038
basic_shrinkage,REMI,MusicBERT,False,False,rock_vs_jazz,0,5.596493719805885,0.16535504832079936
basic_shrinkage,REMI,MusicBERT,False,False,rock_vs_jazz,1,5.662614142339347,0.16635784451020807
basic_shrinkage,REMI,MusicBERT,False,False,rock_vs_jazz,2,5.782824746615972,0.17011759942220378
basic_shrinkage,REMI,MusicBERT,False,False,rock_vs_jazz,3,5.819681710057711,0.17035700145048593
basic_shrinkage,REMI,MusicBERT,False,False,rock_vs_jazz,4,5.492341665572532,0.16538132669345065
basic_shrinkage,REMI,MusicBERT,False,False,rock_vs_electronic,0,6.123688448096708,0.16418665018974574
basic_shrinkage,REMI,MusicBERT,False,False,rock_vs_electronic,1,5.814891313526321,0.15823506715310007
basic_shrinkage,REMI,MusicBERT,False,False,rock_vs_electronic,2,5.86239893781066,0.1520745128313021
basic_shrinkage,REMI,MusicBERT,False,False,rock_vs_electronic,3,6.037330237692487,0.1594413590567787
basic_shrinkage,REMI,MusicBERT,False,False,rock_vs_electronic,4,6.081632604610938,0.15943550522737285
basic_shrinkage,REMI,MusicBERT,False,False,rock_vs_country,0,5.7347017137972145,0.19517015731878512
basic_shrinkage,REMI,MusicBERT,False,False,rock_vs_country,1,6.131277708246259,0.20157797118991205
basic_shrinkage,REMI,MusicBERT,False,False,rock_vs_country,2,5.859567812260181,0.18835487010942956
basic_shrinkage,REMI,MusicBERT,False,False,rock_vs_country,3,5.909357827404637,0.1932490712511748
basic_shrinkage,REMI,MusicBERT,False,False,rock_vs_country,4,6.197580005099468,0.19988703392947704
basic_shrinkage,REMI,MusicBERT,False,False,jazz_vs_electronic,0,6.21084901962648,0.1781869038673067
basic_shrinkage,REMI,MusicBERT,False,False,jazz_vs_electronic,1,6.276054940349454,0.177382819531913
basic_shrinkage,REMI,MusicBERT,False,False,jazz_vs_electronic,2,5.7623645708363185,0.16550932290131923
basic_shrinkage,REMI,MusicBERT,False,False,jazz_vs_electronic,3,6.371418071793769,0.17792628861366896
basic_shrinkage,REMI,MusicBERT,False,False,jazz_vs_electronic,4,6.5237533028848915,0.1851038217288071
basic_shrinkage,REMI,MusicBERT,False,False,jazz_vs_country,0,5.257428427532496,0.19295404832477925
basic_shrinkage,REMI,MusicBERT,False,False,jazz_vs_country,1,4.93326123139601,0.17290552000687903
basic_shrinkage,REMI,MusicBERT,False,False,jazz_vs_country,2,5.39905148905428,0.19166939715765485
basic_shrinkage,REMI,MusicBERT,False,False,jazz_vs_country,3,4.811541492513264,0.17037454046545772
basic_shrinkage,REMI,MusicBERT,False,False,jazz_vs_country,4,5.17432996748316,0.183577804084222
basic_shrinkage,REMI,MusicBERT,False,False,electronic_vs_country,0,7.50094159189031,0.22664127776628804
basic_shrinkage,REMI,MusicBERT,False,False,electronic_vs_country,1,7.135753257221673,0.21923282074551992
basic_shrinkage,REMI,MusicBERT,False,False,electronic_vs_country,2,7.348704253742348,0.23180824896460453
basic_shrinkage,REMI,MusicBERT,False,False,electronic_vs_country,3,7.310753590485934,0.225392183850072
basic_shrinkage,REMI,MusicBERT,False,False,electronic_vs_country,4,7.341349398129168,0.2330224833044124
basic_shrinkage,REMI,MusicBERT,True,True,rock_vs_jazz,0,4.330948955915908,0.14457362486121003
basic_shrinkage,REMI,MusicBERT,True,True,rock_vs_jazz,1,4.511905069483056,0.14792965663677093
basic_shrinkage,REMI,MusicBERT,True,True,rock_vs_jazz,2,4.4554773541652075,0.15087620188813503
basic_shrinkage,REMI,MusicBERT,True,True,rock_vs_jazz,3,4.301028375164723,0.14027904489878723
basic_shrinkage,REMI,MusicBERT,True,True,rock_vs_jazz,4,4.637043898344551,0.15140118461203303
basic_shrinkage,REMI,MusicBERT,True,True,rock_vs_electronic,0,5.339830335352232,0.15124298506361245
basic_shrinkage,REMI,MusicBERT,True,True,rock_vs_electronic,1,5.217096281095703,0.14934553773671116
basic_shrinkage,REMI,MusicBERT,True,True,rock_vs_electronic,2,5.189715488682438,0.14886499200368467
basic_shrinkage,REMI,MusicBERT,True,True,rock_vs_electronic,3,5.4073891600101796,0.15692759733540693
basic_shrinkage,REMI,MusicBERT,True,True,rock_vs_electronic,4,5.654211633717175,0.1645696452008846
basic_shrinkage,REMI,MusicBERT,True,True,rock_vs_country,0,4.6002131157513695,0.1663770716177001
basic_shrinkage,REMI,MusicBERT,True,True,rock_vs_country,1,4.673498165695026,0.16606245605401326
basic_shrinkage,REMI,MusicBERT,True,True,rock_vs_country,2,4.774135098980516,0.17994399495164312
basic_shrinkage,REMI,MusicBERT,True,True,rock_vs_country,3,4.988326355153422,0.1772823482241851
basic_shrinkage,REMI,MusicBERT,True,True,rock_vs_country,4,4.6128785726829555,0.16263933797441277
basic_shrinkage,REMI,MusicBERT,True,True,jazz_vs_electronic,0,5.381492379876441,0.1700047096380088
basic_shrinkage,REMI,MusicBERT,True,True,jazz_vs_electronic,1,5.534888236897572,0.17215641142022145
basic_shrinkage,REMI,MusicBERT,True,True,jazz_vs_electronic,2,4.941659002527931,0.155857907873761
basic_shrinkage,REMI,MusicBERT,True,True,jazz_vs_electronic,3,5.22060557055844,0.1598051416924375
basic_shrinkage,REMI,MusicBERT,True,True,jazz_vs_electronic,4,5.08914429368658,0.16124072693119706
basic_shrinkage,REMI,MusicBERT,True,True,jazz_vs_country,0,4.123825713575258,0.16374847955480362
basic_shrinkage,REMI,MusicBERT,True,True,jazz_vs_country,1,4.208316309410343,0.16682952751796984
basic_shrinkage,REMI,MusicBERT,True,True,jazz_vs_country,2,4.055341292621776,0.1651834342220639
basic_shrinkage,REMI,MusicBERT,True,True,jazz_vs_country,3,4.031113681920587,0.15571634446199947
basic_shrinkage,REMI,MusicBERT,True,True,jazz_vs_country,4,4.041850264011579,0.16110852824201125
basic_shrinkage,REMI,MusicBERT,True,True,electronic_vs_country,0,6.864603349782982,0.23916986301138005
basic_shrinkage,REMI,MusicBERT,True,True,electronic_vs_country,1,6.12078009138931,0.2073079514782288
basic_shrinkage,REMI,MusicBERT,True,True,electronic_vs_country,2,6.940829923964451,0.22466979641630078
basic_shrinkage,REMI,MusicBERT,True,True,electronic_vs_country,3,6.588710959377881,0.2197887314440335
basic_shrinkage,REMI,MusicBERT,True,True,electronic_vs_country,4,6.016083645137815,0.2107102231705044
basic_shrinkage,Octuple,CLaMP-2,False,False,rock_vs_jazz,0,0.011421341538204621,0.10206986749712472
basic_shrinkage,Octuple,CLaMP-2,False,False,rock_vs_jazz,1,0.014433901543866645,0.1315083045852166
basic_shrinkage,Octuple,CLaMP-2,False,False,rock_vs_jazz,2,0.010940316247237347,0.09991748959289047
basic_shrinkage,Octuple,CLaMP-2,False,False,rock_vs_jazz,3,0.01240626710022319,0.10982665289678643
basic_shrinkage,Octuple,CLaMP-2,False,False,rock_vs_jazz,4,0.01212845293829412,0.10626246540648944
basic_shrinkage,Octuple,CLaMP-2,False,False,rock_vs_electronic,0,0.00959659403182378,0.12616589746678997
basic_shrinkage,Octuple,CLaMP-2,False,False,rock_vs_electronic,1,0.00895715961074639,0.12863530791513839
basic_shrinkage,Octuple,CLaMP-2,False,False,rock_vs_electronic,2,0.0076552365856900895,0.10956967399222214
basic_shrinkage,Octuple,CLaMP-2,False,False,rock_vs_electronic,3,0.01072139803623734,0.14782657931277052
basic_shrinkage,Octuple,CLaMP-2,False,False,rock_vs_electronic,4,0.007589490037123531,0.10355937317525302
basic_shrinkage,Octuple,CLaMP-2,False,False,rock_vs_country,0,0.007028483545262226,0.09870918561088647
basic_shrinkage,Octuple,CLaMP-2,False,False,rock_vs_country,1,0.007163528025946803,0.09698107943296723
basic_shrinkage,Octuple,CLaMP-2,False,False,rock_vs_country,2,0.0071605707275052,0.09344677099392602
basic_shrinkage,Octuple,CLaMP-2,False,False,rock_vs_country,3,0.006844665959996887,0.09150465313942296
basic_shrinkage,Octuple,CLaMP-2,False,False,rock_vs_country,4,0.005343342414081714,0.07738093007508053
basic_shrinkage,Octuple,CLaMP-2,False,False,jazz_vs_electronic,0,0.02065858467419779,0.19715026549583556
basic_shrinkage,Octuple,CLaMP-2,False,False,jazz_vs_electronic,1,0.01276527714809092,0.15201700978631458
basic_shrinkage,Octuple,CLaMP-2,False,False,jazz_vs_electronic,2,0.01998707706972841,0.2152553096414094
basic_shrinkage,Octuple,CLaMP-2,False,False,jazz_vs_electronic,3,0.014096810561990636,0.15118168546061342
basic_shrinkage,Octuple,CLaMP-2,False,False,jazz_vs_electronic,4,0.020510265172463876,0.20365136495914135
basic_shrinkage,Octuple,CLaMP-2,False,False,jazz_vs_country,0,0.016711815449298895,0.16600554759288083
basic_shrinkage,Octuple,CLaMP-2,False,False,jazz_vs_country,1,0.011983326257714505,0.13137125290292706
basic_shrinkage,Octuple,CLaMP-2,False,False,jazz_vs_country,2,0.014693662411121688,0.15207404509311773
basic_shrinkage,Octuple,CLaMP-2,False,False,jazz_vs_country,3,0.0099433146075662,0.11113990149479278
basic_shrinkage,Octuple,CLaMP-2,False,False,jazz_vs_country,4,0.01941566264288208,0.18354426878456104
basic_shrinkage,Octuple,CLaMP-2,False,False,electronic_vs_country,0,0.008390887916926992,0.12344274777609894
basic_shrinkage,Octuple,CLaMP-2,False,False,electronic_vs_country,1,0.007386000317258334,0.11889778980131169
basic_shrinkage,Octuple,CLaMP-2,False,False,electronic_vs_country,2,0.00892003582378062,0.13042036506433122
basic_shrinkage,Octuple,CLaMP-2,False,False,electronic_vs_country,3,0.008724631231405378,0.12601478379789477
basic_shrinkage,Octuple,CLaMP-2,False,False,electronic_vs_country,4,0.008896552807256153,0.13269602294633867
basic_shrinkage,Octuple,CLaMP-2,True,True,rock_vs_jazz,0,0.007671215004048659,0.08171809198116754
basic_shrinkage,Octuple,CLaMP-2,True,True,rock_vs_jazz,1,0.007254148443029684,0.07227820322422751
basic_shrinkage,Octuple,CLaMP-2,True,True,rock_vs_jazz,2,0.007847942304089861,0.09010938917602818
basic_shrinkage,Octuple,CLaMP-2,True,True,rock_vs_jazz,3,0.007261284976232102,0.07800962563719768
basic_shrinkage,Octuple,CLaMP-2,True,True,rock_vs_jazz,4,0.009346331769255312,0.10337542124968052
basic_shrinkage,Octuple,CLaMP-2,True,True,rock_vs_electronic,0,0.009893835945723212,0.12943597017080008
basic_shrinkage,Octuple,CLaMP-2,True,True,rock_vs_electronic,1,0.008791628179724509,0.12005073900435097
basic_shrinkage,Octuple,CLaMP-2,True,True,rock_vs_electronic,2,0.008305415527278148,0.11942519407691986
basic_shrinkage,Octuple,CLaMP-2,True,True,rock_vs_electronic,3,0.009664610855934869,0.12810550879396299
basic_shrinkage,Octuple,CLaMP-2,True,True,rock_vs_electronic,4,0.010767240663183936,0.1602473650215908
basic_shrinkage,Octuple,CLaMP-2,True,True,rock_vs_country,0,0.005761901806172698,0.08105356926576257
basic_shrinkage,Octuple,CLaMP-2,True,True,rock_vs_country,1,0.007270686235213042,0.10402067228145195
basic_shrinkage,Octuple,CLaMP-2,True,True,rock_vs_country,2,0.00865602692256473,0.11605385722475511
basic_shrinkage,Octuple,CLaMP-2,True,True,rock_vs_country,3,0.006684285172863708,0.09380322377266245
basic_shrinkage,Octuple,CLaMP-2,True,True,rock_vs_country,4,0.007344990195616519,0.09864085184985207
basic_shrinkage,Octuple,CLaMP-2,True,True,jazz_vs_electronic,0,0.016765877272338997,0.18388064054514397
basic_shrinkage,Octuple,CLaMP-2,True,True,jazz_vs_electronic,1,0.012931068228573123,0.15361258818951207
basic_shrinkage,Octuple,CLaMP-2,True,True,jazz_vs_electronic,2,0.00873403142521853,0.12125039087759613
basic_shrinkage,Octuple,CLaMP-2,True,True,jazz_vs_electronic,3,0.011989379850685156,0.1470473630184314
basic_shrinkage,Octuple,CLaMP-2,True,True,jazz_vs_electronic,4,0.01615064090422641,0.17388597599543165
basic_shrinkage,Octuple,CLaMP-2,True,True,jazz_vs_country,0,0.012811956850722006,0.15523881784433344
basic_shrinkage,Octuple,CLaMP-2,True,True,jazz_vs_country,1,0.010482749752907639,0.11447610120792032
basic_shrinkage,Octuple,CLaMP-2,True,True,jazz_vs_country,2,0.007784039373125329,0.09476895654885449
basic_shrinkage,Octuple,CLaMP-2,True,True,jazz_vs_country,3,0.011021955654134635,0.12420498356591604
basic_shrinkage,Octuple,CLaMP-2,True,True,jazz_vs_country,4,0.007824259504256414,0.09070699215472162
basic_shrinkage,Octuple,CLaMP-2,True,True,electronic_vs_country,0,0.009102559082667605,0.13906822946970965
basic_shrinkage,Octuple,CLaMP-2,True,True,electronic_vs_country,1,0.010407907213581119,0.16332048676558367
basic_shrinkage,Octuple,CLaMP-2,True,True,electronic_vs_country,2,0.01041442011763874,0.15953709158500923
basic_shrinkage,Octuple,CLaMP-2,True,True,electronic_vs_country,3,0.008679005282423824,0.13178415995593487
basic_shrinkage,Octuple,CLaMP-2,True,True,electronic_vs_country,4,0.008508728183839687,0.12912867637354136
basic_shrinkage,Octuple,MusicBERT,False,False,rock_vs_jazz,0,5.741798318555205,0.107124146466415
basic_shrinkage,Octuple,MusicBERT,False,False,rock_vs_jazz,1,5.893738462832374,0.11060712316379558
basic_shrinkage,Octuple,MusicBERT,False,False,rock_vs_jazz,2,6.406868113800009,0.11855133916852426
basic_shrinkage,Octuple,MusicBERT,False,False,rock_vs_jazz,3,5.627796758262498,0.10650671452612616
basic_shrinkage,Octuple,MusicBERT,False,False,rock_vs_jazz,4,5.853797420946236,0.11007398752064873
basic_shrinkage,Octuple,MusicBERT,False,False,rock_vs_electronic,0,6.334545058809077,0.1149941718113382
basic_shrinkage,Octuple,MusicBERT,False,False,rock_vs_electronic,1,6.524982572580868,0.11530018134190773
basic_shrinkage,Octuple,MusicBERT,False,False,rock_vs_electronic,2,7.029169057578336,0.12605287750675914
basic_shrinkage,Octuple,MusicBERT,False,False,rock_vs_electronic,3,6.865204463221218,0.12472783547585739
basic_shrinkage,Octuple,MusicBERT,False,False,rock_vs_electronic,4,6.97195099027509,0.12272135458512912
basic_shrinkage,Octuple,MusicBERT,False,False,rock_vs_country,0,5.875198226914492,0.120743534647899
basic_shrinkage,Octuple,MusicBERT,False,False,rock_vs_country,1,6.029807593209448,0.12756876430369668
basic_shrinkage,Octuple,MusicBERT,False,False,rock_vs_country,2,5.749233661897449,0.11332367911900178
basic_shrinkage,Octuple,MusicBERT,False,False,rock_vs_country,3,5.8199059591037425,0.11950301165237591
basic_shrinkage,Octuple,MusicBERT,False,False,rock_vs_country,4,6.586221582375103,0.13348188356059207
basic_shrinkage,Octuple,MusicBERT,False,False,jazz_vs_electronic,0,8.628077819604776,0.1627476048566723
basic_shrinkage,Octuple,MusicBERT,False,False,jazz_vs_electronic,1,10.21000554506324,0.19394318731500693
basic_shrinkage,Octuple,MusicBERT,False,False,jazz_vs_electronic,2,9.880278568389045,0.1848043858399782
basic_shrinkage,Octuple,MusicBERT,False,False,jazz_vs_electronic,3,9.825767087958262,0.18247135503482795
basic_shrinkage,Octuple,MusicBERT,False,False,jazz_vs_electronic,4,9.558026942458753,0.18141241858990995
basic_shrinkage,Octuple,MusicBERT,False,False,jazz_vs_country,0,5.6372579191590475,0.12598825958388365
basic_shrinkage,Octuple,MusicBERT,False,False,jazz_vs_country,1,5.557378758495588,0.11997852322666695
basic_shrinkage,Octuple,MusicBERT,False,False,jazz_vs_country,2,6.591157470423369,0.1416503995875076
basic_shrinkage,Octuple,MusicBERT,False,False,jazz_vs_country,3,5.7270236385681415,0.12589858089394249
basic_shrinkage,Octuple,MusicBERT,False,False,jazz_vs_country,4,6.052199605404475,0.13137861748158206
basic_shrinkage,Octuple,MusicBERT,False,False,electronic_vs_country,0,8.730401179845146,0.1778432966811288
basic_shrinkage,Octuple,MusicBERT,False,False,electronic_vs_country,1,8.754818219948369,0.17822764143291253
basic_shrinkage,Octuple,MusicBERT,False,False,electronic_vs_country,2,8.96772109329153,0.18127852867792524
basic_shrinkage,Octuple,MusicBERT,False,False,electronic_vs_country,3,8.842628301607142,0.18018261478461664
basic_shrinkage,Octuple,MusicBERT,False,False,electronic_vs_country,4,8.859485478163528,0.18380761779920873
basic_shrinkage,Octuple,MusicBERT,True,True,rock_vs_jazz,0,5.988698435726029,0.10950308607693618
basic_shrinkage,Octuple,MusicBERT,True,True,rock_vs_jazz,1,6.348600390596886,0.11455437408253433
basic_shrinkage,Octuple,MusicBERT,True,True,rock_vs_jazz,2,5.768214451790286,0.10598033807976982
basic_shrinkage,Octuple,MusicBERT,True,True,rock_vs_jazz,3,6.595049225297707,0.12409697536564258
basic_shrinkage,Octuple,MusicBERT,True,True,rock_vs_jazz,4,5.949153861478052,0.11000608232244206
basic_shrinkage,Octuple,MusicBERT,True,True,rock_vs_electronic,0,7.71063306505841,0.13435616765161096
basic_shrinkage,Octuple,MusicBERT,True,True,rock_vs_electronic,1,7.069408708149297,0.12221689856747632
basic_shrinkage,Octuple,MusicBERT,True,True,rock_vs_electronic,2,7.068293133013789,0.12643247812175473
basic_shrinkage,Octuple,MusicBERT,True,True,rock_vs_electronic,3,7.553943491566592,0.13248320863812646
basic_shrinkage,Octuple,MusicBERT,True,True,rock_vs_electronic,4,6.615910462661901,0.11790914088583261
basic_shrinkage,Octuple,MusicBERT,True,True,rock_vs_country,0,5.15771322387652,0.10182185407795807
basic_shrinkage,Octuple,MusicBERT,True,True,rock_vs_country,1,5.288819909659445,0.10261095461918807
basic_shrinkage,Octuple,MusicBERT,True,True,rock_vs_country,2,5.3577432709114206,0.10601420858193271
basic_shrinkage,Octuple,MusicBERT,True,True,rock_vs_country,3,5.816625033376148,0.1143701105416166
basic_shrinkage,Octuple,MusicBERT,True,True,rock_vs_country,4,5.091683695578524,0.09830414288093357
basic_shrinkage,Octuple,MusicBERT,True,True,jazz_vs_electronic,0,9.509639042264837,0.170533201566926
basic_shrinkage,Octuple,MusicBERT,True,True,jazz_vs_electronic,1,10.080642218075816,0.17639857768205883
basic_shrinkage,Octuple,MusicBERT,True,True,jazz_vs_electronic,2,9.254398048547088,0.163004335475357
basic_shrinkage,Octuple,MusicBERT,True,True,jazz_vs_electronic,3,10.002830244421851,0.17769985595734214
basic_shrinkage,Octuple,MusicBERT,True,True,jazz_vs_electronic,4,10.131228474761642,0.18035912306715998
basic_shrinkage,Octuple,MusicBERT,True,True,jazz_vs_country,0,6.2507680875451115,0.12606595590231728
basic_shrinkage,Octuple,MusicBERT,True,True,jazz_vs_country,1,5.562407397793791,0.10948323084331799
basic_shrinkage,Octuple,MusicBERT,True,True,jazz_vs_country,2,5.405059568269735,0.10735854961138451
basic_shrinkage,Octuple,MusicBERT,True,True,jazz_vs_country,3,6.141167869639503,0.12205872349783543
basic_shrinkage,Octuple,MusicBERT,True,True,jazz_vs_country,4,5.388684448116457,0.10567913825322413
basic_shrinkage,Octuple,MusicBERT,True,True,electronic_vs_country,0,8.750209184284913,0.1663740515917288
basic_shrinkage,Octuple,MusicBERT,True,True,electronic_vs_country,1,8.930373524702425,0.17124776447893555
basic_shrinkage,Octuple,MusicBERT,True,True,electronic_vs_country,2,8.530148328320415,0.16095716944546662
basic_shrinkage,Octuple,MusicBERT,True,True,electronic_vs_country,3,8.850467798912057,0.17060691238810577
basic_shrinkage,Octuple,MusicBERT,True,True,electronic_vs_country,4,8.121203634356213,0.15809678452462017
oas,REMI,CLaMP-2,False,False,rock_vs_jazz,0,0.09589229108168928,0.11045991411733377
oas,REMI,CLaMP-2,False,False,rock_vs_jazz,1,0.10087716541241387,0.11548740788632843
oas,REMI,CLaMP-2,False,False,rock_vs_jazz,2,0.10097479414442301,0.11493624017507248
oas,REMI,CLaMP-2,False,False,rock_vs_jazz,3,0.09242637994859826,0.1038894278759412
oas,REMI,CLaMP-2,False,False,rock_vs_jazz,4,0.11048990127443625,0.12516615456395594
oas,REMI,CLaMP-2,False,False,rock_vs_electronic,0,0.09431045381619496,0.10170619392526428
oas,REMI,CLaMP-2,False,False,rock_vs_electronic,1,0.09852349099577173,0.10264473063294272
oas,REMI,CLaMP-2,False,False,rock_vs_electronic,2,0.09455203445843652,0.10244955903736808
oas,REMI,CLaMP-2,False,False,rock_vs_electronic,3,0.10068912689278897,0.10698990763054234
oas,REMI,CLaMP-2,False,False,rock_vs_electronic,4,0.10431693803912179,0.11101266153854504
oas,REMI,CLaMP-2,False,False,rock_vs_country,0,0.13129278326067328,0.1410537141776079
oas,REMI,CLaMP-2,False,False,rock_vs_country,1,0.1333779550319001,0.14290001410080994
oas,REMI,CLaMP-2,False,False,rock_vs_country,2,0.13480276444387296,0.14373904193966436
oas,REMI,CLaMP-2,False,False,rock_vs_country,3,0.14989433933624552,0.16486484653389274
oas,REMI,CLaMP-2,False,False,rock_vs_country,4,0.15466238292903234,0.16640357775289405
oas,REMI,CLaMP-2,False,False,jazz_vs_electronic,0,0.10720537453949275,0.11952113239373734
oas,REMI,CLaMP-2,False,False,jazz_vs_electronic,1,0.107963211251766,0.11957841121588024
oas,REMI,CLaMP-2,False,False,jazz_vs_electronic,2,0.10215422836695831,0.1160850822807202
oas,REMI,CLaMP-2,False,False,jazz_vs_electronic,3,0.09176616323280573,0.10444711345896451
oas,REMI,CLaMP-2,False,False,jazz_vs_electronic,4,0.10102616685585675,0.1098415853199566
oas,REMI,CLaMP-2,False,False,jazz_vs_country,0,0.1497786669719321,0.1722686403786084
oas,REMI,CLaMP-2,False,False,jazz_vs_country,1,0.1529527614236963,0.17618979838667773
oas,REMI,CLaMP-2,False,False,jazz_vs_country,2,0.14677885277223846,0.17000032806534585
oas,REMI,CLaMP-2,False,False,jazz_vs_country,3,0.18401994643216946,0.21223282318786443
oas,REMI,CLaMP-2,False,False,jazz_vs_country,4,0.134561314297738,0.1508541735178599
oas,REMI,CLaMP-2,False,False,electronic_vs_country,0,0.15685447605271308,0.17099525616091463
oas,REMI,CLaMP-2,False,False,electronic_vs_country,1,0.15344491310201558,0.16048505312800077
oas,REMI,CLaMP-2,False,False,electronic_vs_country,2,0.15193906818456626,0.15865163780825337
oas,REMI,CLaMP-2,False,False,electronic_vs_country,3,0.137535622760667,0.14769372972802122
oas,REMI,CLaMP-2,False,False,electronic_vs_country,4,0.14977322389796432,0.15987901110649844
oas,REMI,CLaMP-2,True,True,rock_vs_jazz,0,0.15668971011145405,0.20810073310678792
oas,REMI,CLaMP-2,True,True,rock_vs_jazz,1,0.1424629738708615,0.1823903239140906
oas,REMI,CLaMP-2,True,True,rock_vs_jazz,2,0.15511461066454657,0.1937681506818207
oas,REMI,CLaMP-2,True,True,rock_vs_jazz,3,0.1498352735648527,0.1891211356314204
oas,REMI,CLaMP-2,True,True,rock_vs_jazz,4,0.12440552404507843,0.15967504876271016
oas,REMI,CLaMP-2,True,True,rock_vs_electronic,0,0.08306784347158802,0.09399857054817551
oas,REMI,CLaMP-2,True,True,rock_vs_electronic,1,0.08405133141194976,0.10014708309385409
oas,REMI,CLaMP-2,True,True,rock_vs_electronic,2,0.0932846221574507,0.10235853417212885
oas,REMI,CLaMP-2,True,True,rock_vs_electronic,3,0.09137020904291737,0.10768033496183413
oas,REMI,CLaMP-2,True,True,rock_vs_electronic,4,0.09493040759153426,0.10913631999075814
oas,REMI,CLaMP-2,True,True,rock_vs_country,0,0.0966896293688887,0.12247903740828145
oas,REMI,CLaMP-2,True,True,rock_vs_country,1,0.10500812887863353,0.13538540359857595
oas,REMI,CLaMP-2,True,True,rock_vs_country,2,0.10408874839862736,0.12864994788850456
oas,REMI,CLaMP-2,True,True,rock_vs_country,3,0.10574139643238756,0.13231203496405744
oas,REMI,CLaMP-2,True,True,rock_vs_country,4,0.09034857750762249,0.11564515573883502
oas,REMI,CLaMP-2,True,True,jazz_vs_electronic,0,0.16317870158235392,0.2066566921836864
oas,REMI,CLaMP-2,True,True,jazz_vs_electronic,1,0.12587125762009166,0.1599921447762785
oas,REMI,CLaMP-2,True,True,jazz_vs_electronic,2,0.13027263669611056,0.16529683911185913
oas,REMI,CLaMP-2,True,True,jazz_vs_electronic,3,0.1365611526130147,0.1725517664571306
oas,REMI,CLaMP-2,True,True,jazz_vs_electronic,4,0.12463822668168978,0.16113540040573332
oas,REMI,CLaMP-2,True,True,jazz_vs_country,0,0.09620480080212368,0.13830853623207526
oas,REMI,CLaMP-2,True,True,jazz_vs_country,1,0.11651944696623229,0.16789888732456626
oas,REMI,CLaMP-2,True,True,jazz_vs_country,2,0.11741328808310114,0.17182845970247382
oas,REMI,CLaMP-2,True,True,jazz_vs_country,3,0.08934721705703375,0.1354822252783617
oas,REMI,CLaMP-2,True,True,jazz_vs_country,4,0.11663404355437268,0.17126518276383007
oas,REMI,CLaMP-2,True,True,electronic_vs_country,0,0.1264017436478424,0.15802220405050582
oas,REMI,CLaMP-2,True,True,electronic_vs_country,1,0.12504783765667982,0.15900382498112933
oas,REMI,CLaMP-2,True,True,electronic_vs_country,2,0.1182880259364335,0.15097330264707132
oas,REMI,CLaMP-2,True,True,electronic_vs_country,3,0.11445996120688873,0.14631070870065158
oas,REMI,CLaMP-2,True,True,electronic_vs_country,4,0.13940383533428102,0.17496133603257683
oas,REMI,MusicBERT,False,False,rock_vs_jazz,0,5.113534807112728,0.15136838510244138
oas,REMI,MusicBERT,False,False,rock_vs_jazz,1,5.056053282859402,0.14880798329221942
oas,REMI,MusicBERT,False,False,rock_vs_jazz,2,5.077296683916131,0.15305915098324066
oas,REMI,MusicBERT,False,False,rock_vs_jazz,3,5.146288033285387,0.15141189245740125
oas,REMI,MusicBERT,False,False,rock_vs_jazz,4,5.199997289777787,0.1553479549525637
oas,REMI,MusicBERT,False,False,rock_vs_electronic,0,5.270907328740492,0.13887330289117017
oas,REMI,MusicBERT,False,False,rock_vs_electronic,1,5.323294920391206,0.14400781896407092
oas,REMI,MusicBERT,False,False,rock_vs_electronic,2,5.493380566370057,0.14146724388173493
oas,REMI,MusicBERT,False,False,rock_vs_electronic,3,5.667616184864315,0.1494146385486171
oas,REMI,MusicBERT,False,False,rock_vs_electronic,4,5.590798843753831,0.1448263223342745
oas,REMI,MusicBERT,False,False,rock_vs_country,0,5.164659209244778,0.16793472533810377
oas,REMI,MusicBERT,False,False,rock_vs_country,1,5.556884950300905,0.18394594052713306
oas,REMI,MusicBERT,False,False,rock_vs_country,2,5.361214625726014,0.17267759943718866
oas,REMI,MusicBERT,False,False,rock_vs_country,3,5.399620084687477,0.1785697016414493
oas,REMI,MusicBERT,False,False,rock_vs_country,4,5.564923585612142,0.17991604991222063
oas,REMI,MusicBERT,False,False,jazz_vs_electronic,0,5.901128661938891,0.17317076856727914
oas,REMI,MusicBERT,False,False,jazz_vs_electronic,1,5.618619188533341,0.1608952345842075
oas,REMI,MusicBERT,False,False,jazz_vs_electronic,2,5.979180964270974,0.1660066777006729
oas,REMI,MusicBERT,False,False,jazz_vs_electronic,3,5.2433506254804385,0.151644432324447
oas,REMI,MusicBERT,False,False,jazz_vs_electronic,4,5.516497101027319,0.16356495525108397
oas,REMI,MusicBERT,False,False,jazz_vs_country,0,4.578398677191885,0.16444696684667728
oas,REMI,MusicBERT,False,False,jazz_vs_country,1,4.458021585608812,0.16098619312344006
oas,REMI,MusicBERT,False,False,jazz_vs_country,2,4.623702285525482,0.167603155752989
oas,REMI,MusicBERT,False,False,jazz_vs_country,3,4.666420867449812,0.16754509717584257
oas,REMI,MusicBERT,False,False,jazz_vs_country,4,4.648658953722606,0.16278535600899913
oas,REMI,MusicBERT,False,False,electronic_vs_country,0,6.679570807634349,0.20914703522490127
oas,REMI,MusicBERT,False,False,electronic_vs_country,1,7.123578736974274,0.21653606183562202
oas,REMI,MusicBERT,False,False,electronic_vs_country,2,6.258546432856896,0.19616933340505524
oas,REMI,MusicBERT,False,False,electronic_vs_country,3,7.0784412428223185,0.2158744554666926
oas,REMI,MusicBERT,False,False,electronic_vs_country,4,7.221823243233153,0.22366785835289862
oas,REMI,MusicBERT,True,True,rock_vs_jazz,0,4.570680382199846,0.1500588970349474
oas,REMI,MusicBERT,True,True,rock_vs_jazz,1,4.4324537766835235,0.14752390898163617
oas,REMI,MusicBERT,True,True,rock_vs_jazz,2,4.397705611130199,0.14893746163652616
oas,REMI,MusicBERT,True,True,rock_vs_jazz,3,4.5186061231745285,0.15098417654908822
oas,REMI,MusicBERT,True,True,rock_vs_jazz,4,4.484268202759395,0.14547496746144237
oas,REMI,MusicBERT,True,True,rock_vs_electronic,0,5.174223165885806,0.14850842022998242
oas,REMI,MusicBERT,True,True,rock_vs_electronic,1,4.887319200074934,0.1437355707714931
oas,REMI,MusicBERT,True,True,rock_vs_electronic,2,5.118920474170757,0.1467680527475863
oas,REMI,MusicBERT,True,True,rock_vs_electronic,3,5.073582885810644,0.14335100260583844
oas,REMI,MusicBERT,True,True,rock_vs_electronic,4,5.42689737495564,0.15378076071848215
oas,REMI,MusicBERT,True,True,rock_vs_country,0,4.734891461488708,0.16923709924194413
oas,REMI,MusicBERT,True,True,rock_vs_country,1,4.5795810413447064,0.16591923350525173
oas,REMI,MusicBERT,True,True,rock_vs_country,2,4.554770499524555,0.166949570647326
oas,REMI,MusicBERT,True,True,rock_vs_country,3,4.476413629489976,0.1615847224402156
oas,REMI,MusicBERT,True,True,rock_vs_country,4,4.775504161359233,0.1758332706488087
oas,REMI,MusicBERT,True,True,jazz_vs_electronic,0,5.279825004255613,0.1654897414930513
oas,REMI,MusicBERT,True,True,jazz_vs_electronic,1,5.45079517012417,0.16436005720905325
oas,REMI,MusicBERT,True,True,jazz_vs_electronic,2,5.263517975887826,0.15800844451837368
oas,REMI,MusicBERT,True,True,jazz_vs_electronic,3,5.13191117790236,0.1577671948680954
oas,REMI,MusicBERT,True,True,jazz_vs_electronic,4,5.103017925969976,0.15676385338347446
oas,REMI,MusicBERT,True,True,jazz_vs_country,0,4.350070814823194,0.17329958311733967
oas,REMI,MusicBERT,True,True,jazz_vs_country,1,3.9332406488498073,0.1527045555059455
oas,REMI,MusicBERT,True,True,jazz_vs_country,2,3.73434425860151,0.14889740135385862
oas,REMI,MusicBERT,True,True,jazz_vs_country,3,3.968709744149244,0.15296722260882956
oas,REMI,MusicBERT,True,True,jazz_vs_country,4,3.9964562259519596,0.15869395419166668
oas,REMI,MusicBERT,True,True,electronic_vs_country,0,6.570250630671492,0.22545380902487744
oas,REMI,MusicBERT,True,True,electronic_vs_country,1,6.747887285231613,0.22147132555465465
oas,REMI,MusicBERT,True,True,electronic_vs_country,2,6.852083157117814,0.23017442677785271
oas,REMI,MusicBERT,True,True,electronic_vs_country,3,6.922140022994515,0.23519502533027434
oas,REMI,MusicBERT,True,True,electronic_vs_country,4,6.865722503257864,0.22738537037120699
oas,Octuple,CLaMP-2,False,False,rock_vs_jazz,0,0.012910581008993338,0.11711260926489632
oas,Octuple,CLaMP-2,False,False,rock_vs_jazz,1,0.011811705823301377,0.10763334925022683
oas,Octuple,CLaMP-2,False,False,rock_vs_jazz,2,0.015189390118621082,0.1503377059739347
oas,Octuple,CLaMP-2,False,False,rock_vs_jazz,3,0.013297218245677533,0.11838360233950337
oas,Octuple,CLaMP-2,False,False,rock_vs_jazz,4,0.014453909762709688,0.1351115907227449
oas,Octuple,CLaMP-2,False,False,rock_vs_electronic,0,0.008642180481420958,0.11910418166624008
oas,Octuple,CLaMP-2,False,False,rock_vs_electronic,1,0.011603547522843094,0.15754647246437778
oas,Octuple,CLaMP-2,False,False,rock_vs_electronic,2,0.007143708155669781,0.10279504248084406
oas,Octuple,CLaMP-2,False,False,rock_vs_electronic,3,0.008823077795946488,0.1196396903789076
oas,Octuple,CLaMP-2,False,False,rock_vs_electronic,4,0.00862439304968099,0.11587843698494837
oas,Octuple,CLaMP-2,False,False,rock_vs_country,0,0.007949309310079478,0.11003223448062398
oas,Octuple,CLaMP-2,False,False,rock_vs_country,1,0.009171176647579465,0.1295167720624476
oas,Octuple,CLaMP-2,False,False,rock_vs_country,2,0.009402126471873579,0.13101287420540256
oas,Octuple,CLaMP-2,False,False,rock_vs_country,3,0.006936642857960834,0.10016666941119429
oas,Octuple,CLaMP-2,False,False,rock_vs_country,4,0.009009036128142967,0.12826511479754327
oas,Octuple,CLaMP-2,False,False,jazz_vs_electronic,0,0.02365195535367609,0.2236753798629375
oas,Octuple,CLaMP-2,False,False,jazz_vs_electronic,1,0.018304457240092664,0.1848407308421732
oas,Octuple,CLaMP-2,False,False,jazz_vs_electronic,2,0.02076695468600706,0.20242839661960715
oas,Octuple,CLaMP-2,False,False,jazz_vs_electronic,3,0.018339635533750342,0.1849607873799204
oas,Octuple,CLaMP-2,False,False,jazz_vs_electronic,4,0.01562927578274434,0.16851719478328286
oas,Octuple,CLaMP-2,False,False,jazz_vs_country,0,0.016526219994997537,0.17063257419175665
oas,Octuple,CLaMP-2,False,False,jazz_vs_country,1,0.01203497833021136,0.12982007011683652
oas,Octuple,CLaMP-2,False,False,jazz_vs_country,2,0.019845213103781345,0.1848658941142051
oas,Octuple,CLaMP-2,False,False,jazz_vs_country,3,0.017902390834872106,0.1990823064311107
oas,Octuple,CLaMP-2,False,False,jazz_vs_country,4,0.019341391760123505,0.1905732434180278
oas,Octuple,CLaMP-2,False,False,electronic_vs_country,0,0.008816780229317145,0.12786201710551753
oas,Octuple,CLaMP-2,False,False,electronic_vs_country,1,0.009188829747756977,0.1512783909248403
oas,Octuple,CLaMP-2,False,False,electronic_vs_country,2,0.009783016904338276,0.14708473580222647
oas,Octuple,CLaMP-2,False,False,electronic_vs_country,3,0.009229492252145921,0.1366753278220867
oas,Octuple,CLaMP-2,False,False,electronic_vs_country,4,0.008264951163827916,0.13054663178292278
oas,Octuple,CLaMP-2,True,True,rock_vs_jazz,0,0.007880052548759536,0.08352273123573457
oas,Octuple,CLaMP-2,True,True,rock_vs_jazz,1,0.0063469934456407695,0.07447538670888898
oas,Octuple,CLaMP-2,True,True,rock_vs_jazz,2,0.007784978346627447,0.07849531808716145
oas,Octuple,CLaMP-2,True,True,rock_vs_jazz,3,0.008666365056445996,0.09121478112031238
oas,Octuple,CLaMP-2,True,True,rock_vs_jazz,4,0.008623068624749902,0.09668139516532465
oas,Octuple,CLaMP-2,True,True,rock_vs_electronic,0,0.009842637234397017,0.1303144169264759
oas,Octuple,CLaMP-2,True,True,rock_vs_electronic,1,0.009792166956560794,0.15135381903242634
oas,Octuple,CLaMP-2,True,True,rock_vs_electronic,2,0.009046731871210578,0.14028284791668008
oas,Octuple,CLaMP-2,True,True,rock_vs_electronic,3,0.009265401219787972,0.12355732884671503
oas,Octuple,CLaMP-2,True,True,rock_vs_electronic,4,0.010111971491307103,0.13420847713578382
oas,Octuple,CLaMP-2,True,True,rock_vs_country,0,0.007991959212794053,0.10376007804379137
oas,Octuple,CLaMP-2,True,True,rock_vs_country,1,0.00818526965128022,0.10544081391153512
oas,Octuple,CLaMP-2,True,True,rock_vs_country,2,0.008173737247176793,0.11082840909886907
oas,Octuple,CLaMP-2,True,True,rock_vs_country,3,0.005717048242477818,0.08587411477201401
oas,Octuple,CLaMP-2,True,True,rock_vs_country,4,0.007822730136303913,0.10164922400624267
oas,Octuple,CLaMP-2,True,True,jazz_vs_electronic,0,0.021115965558404004,0.24024801839082097
oas,Octuple,CLaMP-2,True,True,jazz_vs_electronic,1,0.01731259157210338,0.19153974891476694
oas,Octuple,CLaMP-2,True,True,jazz_vs_electronic,2,0.01585415272231555,0.17777324061275998
oas,Octuple,CLaMP-2,True,True,jazz_vs_electronic,3,0.015560203119770993,0.17984646456353653
oas,Octuple,CLaMP-2,True,True,jazz_vs_electronic,4,0.016923591622930584,0.18390762486499698
oas,Octuple,CLaMP-2,True,True,jazz_vs_country,0,0.009173982496891747,0.1048063253869249
oas,Octuple,CLaMP-2,True,True,jazz_vs_country,1,0.01055484425815903,0.1177874405593969
oas,Octuple,CLaMP-2,True,True,jazz_vs_country,2,0.014036873240679426,0.1582554141627959
oas,Octuple,CLaMP-2,True,True,jazz_vs_country,3,0.012007710451761272,0.13089551420106565
oas,Octuple,CLaMP-2,True,True,jazz_vs_country,4,0.01063557611141161,0.11617383979046474
oas,Octuple,CLaMP-2,True,True,electronic_vs_country,0,0.008462360969970883,0.13981331775567127
oas,Octuple,CLaMP-2,True,True,electronic_vs_country,1,0.007992811382305953,0.12529141525349946
oas,Octuple,CLaMP-2,True,True,electronic_vs_country,2,0.00870967777406445,0.13670802146866765
oas,Octuple,CLaMP-2,True,True,electronic_vs_country,3,0.007629167707075335,0.12325332566523443
oas,Octuple,CLaMP-2,True,True,electronic_vs_country,4,0.01033516432758777,0.16428334941497078
oas,Octuple,MusicBERT,False,False,rock_vs_jazz,0,5.747931637884662,0.10918313148779664
oas,Octuple,MusicBERT,False,False,rock_vs_jazz,1,5.802270536832069,0.10842060620429368
oas,Octuple,MusicBERT,False,False,rock_vs_jazz,2,6.546607929637894,0.12348693874795091
oas,Octuple,MusicBERT,False,False,rock_vs_jazz,3,6.235106697451002,0.11609814136638845
oas,Octuple,MusicBERT,False,False,rock_vs_jazz,4,6.358080603351297,0.12302768856195413
oas,Octuple,MusicBERT,False,False,rock_vs_electronic,0,8.033413552068055,0.14503549867359083
oas,Octuple,MusicBERT,False,False,rock_vs_electronic,1,7.250897041642432,0.1289918508588872
oas,Octuple,MusicBERT,False,False,rock_vs_electronic,2,6.649508352434616,0.12048749369548015
oas,Octuple,MusicBERT,False,False,rock_vs_electronic,3,7.363766902534387,0.13052700772166972
oas,Octuple,MusicBERT,False,False,rock_vs_electronic,4,7.556953202530444,0.1356978623360753
oas,Octuple,MusicBERT,False,False,rock_vs_country,0,6.195812723990436,0.12785299763655827
oas,Octuple,MusicBERT,False,False,rock_vs_country,1,5.831317694004696,0.11766160218717966
oas,Octuple,MusicBERT,False,False,rock_vs_country,2,6.566615117311926,0.13435952268636642
oas,Octuple,MusicBERT,False,False,rock_vs_country,3,5.95796393683451,0.12656133329656144
oas,Octuple,MusicBERT,False,False,rock_vs_country,4,6.018590350544102,0.12443623476974108
oas,Octuple,MusicBERT,False,False,jazz_vs_electronic,0,9.96533865174191,0.1908125278284871
oas,Octuple,MusicBERT,False,False,jazz_vs_electronic,1,9.005799784394739,0.16534404224230645
oas,Octuple,MusicBERT,False,False,jazz_vs_electronic,2,8.60782326657457,0.15934256788309503
oas,Octuple,MusicBERT,False,False,jazz_vs_electronic,3,10.207357171482649,0.19084939390467817
oas,Octuple,MusicBERT,False,False,jazz_vs_electronic,4,9.269360448645045,0.1712085261331509
oas,Octuple,MusicBERT,False,False,jazz_vs_country,0,6.314860667120719,0.1374190771388967
oas,Octuple,MusicBERT,False,False,jazz_vs_country,1,6.13207329946529,0.13353821466682753
oas,Octuple,MusicBERT,False,False,jazz_vs_country,2,6.217861945732906,0.1373826605190958
oas,Octuple,MusicBERT,False,False,jazz_vs_country,3,6.334170342510909,0.135057360966836
oas,Octuple,MusicBERT,False,False,jazz_vs_country,4,6.3708040682471605,0.13863634724769783
oas,Octuple,MusicBERT,False,False,electronic_vs_country,0,8.253093581713657,0.1704387035154305
oas,Octuple,MusicBERT,False,False,electronic_vs_country,1,8.206345061487042,0.16687526576376985
oas,Octuple,MusicBERT,False,False,electronic_vs_country,2,8.411891190668527,0.17265540720249614
oas,Octuple,MusicBERT,False,False,electronic_vs_country,3,9.753854232185603,0.2017999520022085
oas,Octuple,MusicBERT,False,False,electronic_vs_country,4,8.60591993508119,0.18297165459700812
oas,Octuple,MusicBERT,True,True,rock_vs_jazz,0,5.875527159638281,0.10580836647490907
oas,Octuple,MusicBERT,True,True,rock_vs_jazz,1,5.827599528669765,0.10660389339232845
oas,Octuple,MusicBERT,True,True,rock_vs_jazz,2,6.917817918191908,0.12693880053372736
oas,Octuple,MusicBERT,True,True,rock_vs_jazz,3,6.291039988008606,0.1120027189540676
oas,Octuple,MusicBERT,True,True,rock_vs_jazz,4,5.770484948130914,0.1036647285037145
oas,Octuple,MusicBERT,True,True,rock_vs_electronic,0,6.71069562426792,0.11928767695870732
oas,Octuple,MusicBERT,True,True,rock_vs_electronic,1,6.772298878975612,0.11787341652226542
oas,Octuple,MusicBERT,True,True,rock_vs_electronic,2,7.3699153185695465,0.12895993859992613
oas,Octuple,MusicBERT,True,True,rock_vs_electronic,3,7.017505315641046,0.1224953517952352
oas,Octuple,MusicBERT,True,True,rock_vs_electronic,4,7.136343619142032,0.1262103052121859
oas,Octuple,MusicBERT,True,True,rock_vs_country,0,5.533436801143878,0.1087547619040667
oas,Octuple,MusicBERT,True,True,rock_vs_country,1,5.528141111315541,0.10742014854901508
oas,Octuple,MusicBERT,True,True,rock_vs_country,2,5.291804829325521,0.10441203361205793
oas,Octuple,MusicBERT,True,True,rock_vs_country,3,5.457414364356488,0.1084215217922941
oas,Octuple,MusicBERT,True,True,rock_vs_country,4,5.639098776532286,0.1087686263219597
oas,Octuple,MusicBERT,True,True,jazz_vs_electronic,0,10.314903237331713,0.18777842607117845
oas,Octuple,MusicBERT,True,True,jazz_vs_electronic,1,10.11727307131531,0.18344247642806183
oas,Octuple,MusicBERT,True,True,jazz_vs_electronic,2,10.989512901493995,0.1964495066028133
oas,Octuple,MusicBERT,True,True,jazz_vs_electronic,3,11.32994839237638,0.1998723133018607
oas,Octuple,MusicBERT,True,True,jazz_vs_electronic,4,10.62772621843164,0.19178875865173373
oas,Octuple,MusicBERT,True,True,jazz_vs_country,0,6.272544292579056,0.12479159128694164
oas,Octuple,MusicBERT,True,True,jazz_vs_country,1,6.080513154269987,0.12048845154787495
oas,Octuple,MusicBERT,True,True,jazz_vs_country,2,5.653774404516469,0.11787728408125182
oas,Octuple,MusicBERT,True,True,jazz_vs_country,3,6.325148457979232,0.125027072227823
oas,Octuple,MusicBERT,True,True,jazz_vs_country,4,6.186509671647734,0.1243934871197484
oas,Octuple,MusicBERT,True,True,electronic_vs_country,0,9.564431944743916,0.18258923795260634
oas,Octuple,MusicBERT,True,True,electronic_vs_country,1,10.060269306297613,0.19655362060402234
oas,Octuple,MusicBERT,True,True,electronic_vs_country,2,9.27819712970257,0.18145943218708077
oas,Octuple,MusicBERT,True,True,electronic_vs_country,3,9.594932939563947,0.18842024725797962
oas,Octuple,MusicBERT,True,True,electronic_vs_country,4,8.746170535716253,0.173819026270715
